Rank,Name,Platform,Year,Genre,Publisher,NA_Sales,EU_Sales,JP_Sales,Other_Sales,Global_Sales
11603,Mission Runway,DS,2008,Simulation,Eidos Interactive,0.07,0.01,0,0.01,0.08
15165,Zathura,XB,2005,Adventure,Take-Two Interactive,0.02,0,0,0,0.02
6332,Yu-Gi-Oh! The Sacred Cards (JP weekly sales),GBA,2002,Role-Playing,Konami Digital Entertainment,0,0,0.26,0.01,0.27
170,Final Fantasy XIII,PS3,2009,Role-Playing,Square Enix,1.74,1.24,1.87,0.52,5.36
2535,Ready 2 Rumble Boxing: Round 2,PS2,2000,Fighting,Midway Games,0.4,0.31,0,0.1,0.81
27,Pokemon Black/Pokemon White,DS,2010,Role-Playing,Nintendo,5.57,3.28,5.65,0.82,15.32
15081,HatsuKare * Renai Debut Sengen!,PSP,2013,Adventure,FuRyu,0,0,0.02,0,0.02
15904,Games Explosion!,GBA,2006,Action,THQ,0.01,0,0,0,0.02
6999,Carnival Island,PS3,2011,Misc,Sony Computer Entertainment,0.13,0.06,0,0.04,0.23
5,Pokemon Red/Pokemon Blue,GB,1996,Role-Playing,Nintendo,11.27,8.89,10.22,1,31.37
2316,Samba De Amigo,Wii,2008,Misc,Sega,0.42,0.37,0.01,0.1,0.9
4179,Shadowrun,X360,2007,Role-Playing,Microsoft Game Studios,0.41,0.02,0,0.04,0.47
1910,DiRT 3,PS3,2011,Racing,Codemasters,0.27,0.59,0.01,0.21,1.08
14656,Age of Conan: Rise of the Godslayer,PC,2010,Role-Playing,Funcom,0,0.02,0,0,0.03
16550,Bookworm Deluxe,PC,2006,Puzzle,PopCap Games,0.01,0,0,0,0.01
12106,The Putter Golf,PS,2001,Sports,D3Publisher,0.04,0.03,0,0,0.07
3566,Ms. Pac-Man Maze Madness,GBA,2004,Puzzle,Zoo Digital Publishing,0.4,0.15,0,0.01,0.56
13969,Winning Post 8,PSV,2014,Racing,Tecmo Koei,0,0,0.04,0,0.04
13388,Fantastic Four: Rise of the Silver Surfer,Wii,2007,Action,Take-Two Interactive,0.04,0.01,0,0,0.05
13551,Castle of Shikigami III,Wii,2007,Shooter,PQube,0.04,0,0,0,0.04
104,Battlefield 3,PS3,2011,Shooter,Electronic Arts,2.85,2.93,0.35,1.1,7.23
12368,Mystic Heroes,PS2,2002,Action,Tecmo Koei,0.03,0.02,0,0.01,0.06
10738,Blast Chamber,PS,1996,Shooter,Activision,0.05,0.04,0,0.01,0.1
13434,Pool Hall Pro,Wii,2009,Sports,Playlogic Game Factory,0.04,0,0,0,0.05
7647,Untold Legends: Dark Kingdom,PS3,2006,Role-Playing,Electronic Arts,0.14,0.02,0.02,0.02,0.2
8852,The Legend of Heroes: Trails of Cold Steel II,PSV,2014,Role-Playing,Nippon Ichi Software,0.02,0,0.13,0.01,0.15
8695,Kingdom Hearts: Birth by Sleep - Final Mix,PSP,2011,Role-Playing,Square Enix,0,0,0.16,0,0.16
8381,Hot Wheels: Beat That!,X360,2007,Racing,Activision,0.15,0,0,0.01,0.17
4817,Samurai Shodown,SNES,1994,Fighting,Takara,0,0,0.4,0,0.4
3982,Fortune Street,Wii,2011,Misc,Nintendo,0.27,0.04,0.17,0.02,0.5
16392,WSC REAL 09: World Snooker Championship,X360,2009,Sports,Deep Silver,0,0.01,0,0,0.01
400,Professor Layton and the Unwound Future,DS,2008,Puzzle,Nintendo,0.65,1.61,0.82,0.28,3.36
15310,The Lord of the Rings Online: Mines of Moria,PC,2008,Role-Playing,Codemasters Online,0,0.02,0,0,0.02
6047,Madden NFL 08,XB,2007,Sports,Electronic Arts,0.22,0.06,0,0.01,0.29
12616,Dance Sensation!,Wii,2010,Misc,Majesco Entertainment,0.06,0,0,0,0.06
8610,Ener-G Horse Riders,DS,2008,Sports,Ubisoft,0.14,0.01,0,0.01,0.16
9468,Sally's Salon,DS,2008,Simulation,Capcom,0.12,0,0,0.01,0.13
4696,Mobile Suit Gundam: Gundam vs. Gundam NEXT PLUS,PSP,2009,Fighting,Namco Bandai Games,0,0,0.41,0,0.41
10704,Ride,XOne,2015,Racing,Milestone S.r.l.,0.04,0.05,0,0.01,0.1
12661,Hajime no Ippo Portable: Victorious Spirits,PSP,2007,Fighting,Grand Prix Games,0,0,0.06,0,0.06
3871,Petz: Hamsterz Life 2,DS,2007,Misc,Ubisoft,0.48,0,0,0.04,0.52
3379,Major League Baseball 2K7,PS2,2007,Sports,Spike,0.29,0.23,0,0.08,0.6
12795,Imagine: Party Planner,DS,2009,Simulation,Ubisoft,0.05,0,0,0,0.06
1152,Dollar Dash,PS2,2005,Action,Take-Two Interactive,1.3,0.23,0,0.07,1.6
9058,Ford Racing Off Road,PSP,2008,Racing,Xplosiv,0.05,0.08,0,0.02,0.14
6322,The Adventures of Tintin: The Game,PS3,2011,Action,Ubisoft,0.06,0.16,0,0.05,0.27
5619,Naruto: Ultimate Ninja (JP sales),PS2,2003,Fighting,Atari,0,0,0.32,0,0.32
10870,Altered Beast: Guardian of the Realms,GBA,2002,Action,THQ,0.07,0.02,0,0,0.09
13872,Sega Rally 2006,PS2,N/A,Racing,Unknown,0,0,0.04,0,0.04
15763,Discworld II: Mortality Bytes!,PS,1996,Adventure,Psygnosis,0.01,0.01,0,0,0.02
6998,The Club,PS3,2008,Shooter,Sega,0.14,0.07,0,0.03,0.23
15686,Machi: Unmei no Kousaten,PSP,2006,Adventure,ChunSoft,0,0,0.02,0,0.02
9071,Monster Lab,DS,2008,Role-Playing,Eidos Interactive,0.12,0.01,0,0.01,0.14
15621,Ben 10 Omniverse 2,3DS,2013,Action,Namco Bandai Games,0,0.02,0,0,0.02
9911,Etrian Odyssey V,3DS,2016,Role-Playing,Atlus,0,0,0.12,0,0.12
587,Harry Potter and the Chamber of Secrets,PS2,2002,Action,Electronic Arts,0.9,1.22,0.04,0.44,2.61
6367,Resident Evil: Revelations,X360,2013,Action,Capcom,0.12,0.11,0.02,0.02,0.27
4396,WWE Day of Reckoning,GC,2004,Fighting,THQ,0.35,0.09,0,0.01,0.45
6978,Saint Seiya: Sanctuary Battle,PS3,2011,Action,Namco Bandai Games,0,0.09,0.11,0.03,0.23
1895,NASCAR Thunder 2004,PS2,2003,Racing,Electronic Arts,0.53,0.41,0,0.14,1.08
6631,World Series of Poker,XB,2005,Misc,Activision,0.19,0.05,0,0.01,0.25
7339,Speed Racer: The Videogame,PS2,2008,Racing,Warner Bros. Interactive Entertainment,0.1,0.08,0,0.03,0.21
15751,Just Cause,PC,2006,Action,Eidos Interactive,0,0.01,0,0,0.02
8252,Cabela's Big Game Hunter: Hunting Party,X360,2011,Sports,Activision,0.16,0,0,0.01,0.17
11174,Team Elimination Games,Wii,2009,Misc,Ubisoft,0.08,0,0,0.01,0.09
11395,FIFA Soccer 2005,GBA,2004,Sports,Electronic Arts,0.06,0.02,0,0,0.08
3405,BurgerTime,2600,1981,Puzzle,Mattel Interactive,0.55,0.03,0,0.01,0.59
9887,Uta no * Prince-Sama: All Star,PSP,2013,Action,Broccoli,0,0,0.12,0,0.12
11525,Lost Dimension,PS3,2014,Role-Playing,Nippon Ichi Software,0.05,0.01,0,0.01,0.08
13626,Amagami,PSV,2014,Adventure,Kadokawa Games,0,0,0.04,0,0.04
15298,Casper: Spirit Dimensions,GC,2002,Platform,TDK Mediactive,0.02,0,0,0,0.02
1411,Gardening Mama,DS,2009,Puzzle,505 Games,0.8,0.43,0.01,0.13,1.38
11016,Sega Casino,DS,2005,Misc,Sega,0.08,0,0,0.01,0.09
11111,The Mummy: Tomb of the Dragon Emperor,DS,2008,Action,Vivendi Games,0.08,0,0,0.01,0.09
4243,Kessen II,PS2,2001,Strategy,THQ,0.13,0.1,0.2,0.03,0.46
1536,Guitar Hero: Aerosmith,Wii,2008,Misc,Activision,1.04,0.14,0,0.1,1.29
7217,Imagine: Boutique Owner,DS,2009,Simulation,Ubisoft,0.2,0,0,0.02,0.22
16528,Blazer Drive,DS,2008,Role-Playing,Sega,0,0,0.01,0,0.01
16491,Bomberman,Wii,2008,Puzzle,Hudson Entertainment,0,0,0.01,0,0.01
5238,Dance Dance Revolution 3rdMix,PS,2000,Simulation,Konami Digital Entertainment,0,0,0.33,0.02,0.36
1012,Kirby's Adventure,NES,1993,Platform,Nintendo,0.79,0.14,0.8,0.02,1.75
13743,Rally Challenge 2000,N64,1999,Racing,Imagineer,0.03,0.01,0,0,0.04
163,Super Mario Advance,GBA,2001,Platform,Nintendo,3.14,1.24,0.91,0.2,5.49
14484,Power Rangers Super Megaforce,3DS,2014,Action,Namco Bandai Games,0.01,0.01,0,0,0.03
6357,Fantastic 4,XB,2005,Action,Activision,0.2,0.06,0,0.01,0.27
14296,Foto Showdown,DS,2010,Role-Playing,Unknown,0.03,0,0,0,0.03
15355,Hakuoki: Shinkai - Furi no Shou,PSV,2015,Action,Idea Factory,0,0,0.02,0,0.02
14389,Stacked with Daniel Negreanu,XB,2006,Misc,Myelin Media,0.02,0.01,0,0,0.03
8648,Darksiders II,WiiU,2012,Action,THQ,0.07,0.07,0,0.01,0.16
3005,Country Dance,Wii,2011,Misc,Funbox Media,0.59,0.04,0,0.04,0.68
12803,Cabela's Big Game Hunter 2005 Adventures,GBA,2004,Sports,Activision,0.04,0.01,0,0,0.06
5239,Ryu Ga Gotoku Kenzan!,PS3,2008,Adventure,Sega,0,0,0.36,0,0.36
5008,Sega Superstars Tennis,PS2,2008,Sports,Sega,0.1,0,0,0.28,0.38
5105,Mini Ninjas,Wii,2009,Action,Eidos Interactive,0.17,0.17,0,0.04,0.37
11674,Pac-Man World 3,PSP,2005,Platform,Namco Bandai Games,0.07,0,0,0.01,0.08
1195,LEGO Marvel Super Heroes,PS4,2013,Action,Warner Bros. Interactive Entertainment,0.59,0.75,0.01,0.21,1.56
9890,MLB Inside Pitch 2003,XB,2003,Sports,Microsoft Game Studios,0.09,0.03,0,0,0.12
11755,Buster Bros. Collection,PS,1997,Puzzle,Capcom,0.04,0.03,0,0,0.07
2917,SplashDown,PS2,2001,Racing,Atari,0.34,0.27,0,0.09,0.7
9546,Puppies 3D,3DS,2011,Misc,Ubisoft,0.08,0.04,0,0.01,0.13
8027,Dynasty Warriors 8: Empires,PS4,2014,Action,Tecmo Koei,0.06,0.07,0.03,0.02,0.18
15930,Race Driver: Create & Race,DS,2007,Racing,Codemasters,0.01,0,0,0,0.02
3484,NBA 2K7,X360,2006,Sports,Take-Two Interactive,0.53,0,0,0.04,0.58
9583,Assassination Classroom: Grand Siege on Kuro-sensei,3DS,2015,Action,Namco Bandai Games,0,0,0.13,0,0.13
11329,The Seven Deadly Sins: Unjust Sin,3DS,2015,Adventure,Namco Bandai Games,0,0,0.08,0,0.08
4618,Mobile Suit Gundam: Gundam vs. Gundam,PSP,2008,Fighting,Namco Bandai Games,0,0,0.42,0,0.42
2654,Jr. Pac-Man,2600,1983,Puzzle,Atari,0.72,0.05,0,0.01,0.78
6583,Armored Core: Master of Arena,PS,1999,Simulation,From Software,0.07,0.05,0.13,0.02,0.26
1260,Madden NFL 2001,PS2,2000,Sports,Electronic Arts,1.19,0.07,0.05,0.2,1.5
4303,Top Spin,XB,2003,Sports,Microsoft Game Studios,0.36,0.08,0,0.02,0.46
13596,Igor: The Game,DS,2008,Adventure,Legacy Interactive,0.04,0,0,0,0.04
15897,Antz Extreme Racing,XB,2002,Racing,Empire Interactive,0.01,0,0,0,0.02
1679,NFL 2K,DC,1999,Sports,Sega,1.12,0.05,0,0.02,1.2
1792,South Park,N64,1998,Shooter,Acclaim Entertainment,0.9,0.23,0,0.02,1.14
15241,The Idolmaster: Gravure For You! Vol.9,PS3,2012,Action,Namco Bandai Games,0,0,0.02,0,0.02
9620,Doukyuusei 2,SAT,1997,Role-Playing,NEC Interchannel,0,0,0.13,0,0.13
3509,Spider-Man 3,X360,2007,Platform,Activision,0.49,0.04,0,0.04,0.57
13604,Refrain no Chika Meikyuu to Majo no Ryodan,PSV,2016,Action,Nippon Ichi Software,0,0,0.04,0,0.04
3006,Turok,PS3,2008,Action,Touchstone,0.35,0.22,0.01,0.1,0.68
14622,Triple Pack: Xbox Live Arcade Compilation,X360,2011,Misc,Microsoft Game Studios,0.03,0,0,0,0.03
5773,Mega Man Battle Network 2,GBA,2002,Action,Ubisoft,0.22,0.08,0,0.01,0.31
12362,Age of Empires Online,PC,2011,Strategy,Microsoft Game Studios,0.01,0.04,0,0.01,0.06
9374,WipeOut 3 The Game,WiiU,2012,Action,Activision,0.12,0,0,0.01,0.13
2392,Beijing 2008,PS3,2008,Sports,Sega,0.14,0.54,0.01,0.18,0.87
2119,Driver: San Francisco,PS3,2011,Racing,Ubisoft,0.24,0.54,0.01,0.18,0.98
7916,3rd Super Robot Wars Z Jigoku Hen,PSV,2014,Role-Playing,Namco Bandai Games,0,0,0.19,0,0.19
6706,Pro Yakyuu Team o Tsukurou!,SAT,1998,Sports,Sega,0,0,0.25,0,0.25
12079,Robot Alchemic Drive,PS2,2002,Action,Enix Corporation,0.03,0.03,0,0.01,0.07
5634,Kirby's Block Ball,GB,1995,Puzzle,Nintendo,0,0,0.32,0,0.32
10622,SCORE International Baja 1000: The Official Game,Wii,2008,Racing,Activision,0.09,0,0,0.01,0.1
9524,Nintendo Puzzle Collection,GC,N/A,Puzzle,Unknown,0,0,0.13,0,0.13
16301,Nitroplus Blasterz: Heroines Infinite Duel,PS3,2015,Fighting,Nitroplus,0,0,0.01,0,0.01
6800,Guitar Freaks,PS,1999,Simulation,Konami Digital Entertainment,0,0,0.23,0.02,0.24
735,Rock Band 2,X360,2008,Misc,Electronic Arts,1.78,0.24,0,0.18,2.2
8527,Dancing With The Stars,PS2,2007,Misc,Activision,0.08,0.06,0,0.02,0.16
15819,Winning Post 7 2013,PSV,2013,Sports,Tecmo Koei,0,0,0.02,0,0.02
2101,WWE SmackDown vs Raw 2008,Wii,2007,Fighting,THQ,0.38,0.5,0,0.11,0.99
13805,Pure Pinball,XB,2004,Misc,XS Games,0.03,0.01,0,0,0.04
3688,Dragon Ball Z: Shin Budokai,PSP,2006,Fighting,Atari,0.26,0.08,0.13,0.07,0.55
853,Tenchu: Stealth Assassins,PS,1997,Action,Activision,0.95,0.64,0.27,0.13,1.99
14768,Mahou Sensei Negima! Kagai Jugyou ~Otome no Dokidoki Beachside~,PS2,2006,Adventure,Konami Digital Entertainment,0,0,0.03,0,0.03
10183,Smash Court Tennis 3,X360,2007,Sports,Atari,0.08,0.02,0,0.01,0.11
7237,NBA Jam Extreme,PS,1996,Sports,Acclaim Entertainment,0.12,0.08,0,0.01,0.22
10108,Surf's Up,PSP,2007,Sports,Ubisoft,0.02,0.06,0,0.03,0.11
13838,The Sims 4: Spa Day,PC,2015,Simulation,Electronic Arts,0,0.04,0,0,0.04
13710,NBA in the Zone 2000,N64,2000,Sports,Konami Digital Entertainment,0.04,0,0,0,0.04
16000,Black Cat,PS2,2006,Action,Capcom,0,0,0.01,0,0.01
1663,Need for Speed Underground,GC,2003,Racing,Electronic Arts,0.69,0.48,0.01,0.03,1.21
1495,Mega Man Battle Network 4: Red Sun / Blue Moon,GBA,2003,Role-Playing,Capcom,0.31,0.04,0.96,0.01,1.32
10006,Nobunaga no Yabou: Tenshoki,SAT,1995,Strategy,Tecmo Koei,0,0,0.11,0,0.11
6579,Hunted: The Demon's Forge,PS3,2011,Action,Bethesda Softworks,0.12,0.08,0.02,0.04,0.26
1893,NFL Blitz 2000,PS,1998,Sports,Midway Games,0.6,0.41,0,0.07,1.09
16071,Mortal Kombat: Tournament Edition,GBA,2003,Fighting,Midway Games,0.01,0,0,0,0.01
2355,Seiken Densetsu 3,SNES,1995,Role-Playing,SquareSoft,0,0,0.89,0,0.89
15772,Clock Zero: Shuuen no Ichibyou - ExTime,PSV,2015,Action,Idea Factory,0,0,0.02,0,0.02
6527,Armorines: Project S.W.A.R.M.,N64,1999,Shooter,Acclaim Entertainment,0.21,0.05,0,0,0.26
1839,Rock Band,PS2,N/A,Misc,Electronic Arts,0.71,0.06,0,0.35,1.11
14378,Hajime no Ippo: The Fighting! (2014),PS3,2014,Sports,Namco Bandai Games,0,0,0.03,0,0.03
12969,Taito Legends Power Up,PSP,2007,Action,Destineer,0.05,0,0,0,0.05
3337,Hot Shots Golf: World Invitational,PSV,2011,Sports,Sony Computer Entertainment,0.19,0.11,0.25,0.06,0.6
12961,The Nightmare of Druaga: Fushigino Dungeon,PS2,2004,Role-Playing,Arika,0.03,0.02,0,0.01,0.05
3151,LEGO Marvel's Avengers,PS4,2016,Action,Warner Bros. Interactive Entertainment,0.25,0.29,0,0.1,0.64
2247,Top Gun: Combat Zones,PS2,2001,Simulation,Titus,0.45,0.35,0,0.12,0.92
11834,NOëL: La Neige,PS,1998,Adventure,Pioneer LDC,0,0,0.07,0,0.07
2977,Star Wars: Masters of Teras Kasi,PS,1997,Action,LucasArts,0.38,0.26,0,0.04,0.68
14730,"Hanayaka Kana, Ware ga Ichizoku Twin Pack",PSP,2011,Misc,Idea Factory,0,0,0.03,0,0.03
16271,Dokuro,PSV,2012,Action,GungHo,0,0,0.01,0,0.01
4909,NBA Live 09,PSP,2008,Sports,Electronic Arts,0.23,0.07,0.03,0.06,0.39
10693,Age of Empires II: The Age of Kings,PC,1999,Strategy,Microsoft Game Studios,0.01,0.08,0,0.02,0.1
13447,Hakuouki SSL: Sweet School Life,PSV,2014,Adventure,Idea Factory,0,0,0.05,0,0.05
10491,Castlevania: Lords of Shadow 2,X360,2014,Action,Konami Digital Entertainment,0.02,0.07,0,0.01,0.1
7453,Mortal Kombat: Special Forces,PS,2000,Fighting,Midway Games,0.12,0.08,0,0.01,0.21
8507,Kid Adventures: Sky Captain,Wii,2010,Action,Unknown,0.11,0.04,0,0.01,0.16
8365,Fuzion Frenzy 2,X360,2007,Misc,Microsoft Game Studios,0.14,0.01,0,0.01,0.17
7005,Looney Tunes: Acme Arsenal,Wii,2007,Action,Warner Bros. Interactive Entertainment,0.21,0.01,0,0.02,0.23
12285,Western Riding Academy,DS,2010,Simulation,Destineer,0.06,0,0,0,0.06
13389,Big Air Freestyle,GC,2002,Racing,Atari,0.04,0.01,0,0,0.05
15038,Shanghai: True Valor,PS,1998,Puzzle,Activision,0.01,0.01,0,0,0.02
10864,Terranigma,SNES,1995,Role-Playing,Nintendo,0,0,0.09,0,0.09
5969,The Chronicles of Riddick: Assault on Dark Athena,X360,2009,Shooter,Atari,0.16,0.1,0,0.03,0.29
3709,LEGO Dimensions,PS3,2015,Action,Warner Bros. Interactive Entertainment,0.15,0.3,0,0.09,0.54
11535,Superman: Shadow of Apokolips,GC,2003,Action,Atari,0.06,0.02,0,0,0.08
5046,Guitar Hero On Tour: Modern Hits,DS,2009,Misc,Activision,0.13,0.2,0,0.04,0.38
6136,Fantastic 4: Flame On,GBA,2005,Action,Activision,0.2,0.08,0,0.01,0.28
10836,Barnyard,PS2,2006,Action,THQ,0.05,0.04,0,0.01,0.09
7782,Space Invaders Extreme 2,DS,2009,Shooter,Square Enix,0.17,0.01,0,0.01,0.19
6171,Carol Vorderman's Sudoku,PS2,2006,Puzzle,Xplosiv,0,0.23,0,0.05,0.28
6012,The Smurfs: Dance Party,Wii,2011,Misc,Ubisoft,0.22,0.04,0,0.02,0.29
11458,Jikkyou Powerful Major League 2009,PS2,2009,Sports,Konami Digital Entertainment,0,0,0.08,0,0.08
6487,Jikkyou Powerful Pro Yakyuu 2013,PS3,2013,Sports,Konami Digital Entertainment,0,0,0.26,0,0.26
5205,NBA 2K6,XB,2005,Action,Take-Two Interactive,0.27,0.08,0,0.01,0.36
8327,NBA 09: The Inside,PSP,2008,Sports,Sony Computer Entertainment,0.16,0,0,0.01,0.17
14777,Farm Frenzy 3,DS,2011,Strategy,Unknown,0,0.02,0,0,0.03
11704,Metal Gear Solid V: The Phantom Pain,PC,2015,Action,Konami Digital Entertainment,0,0.07,0,0,0.08
2875,Silent Hill 3,PS2,2003,Action,Konami Digital Entertainment,0.35,0.27,0,0.09,0.71
3252,LEGO Pirates of the Caribbean: The Video Game,3DS,2011,Action,Disney Interactive Studios,0.29,0.28,0,0.06,0.62
931,LittleBigPlanet 3,PS4,2014,Platform,Sony Computer Entertainment,0.64,0.92,0.01,0.29,1.86
15260,Spider-Man: Web of Shadows,PC,2008,Action,Activision,0,0.02,0,0,0.02
1752,Jet Force Gemini,N64,1999,Shooter,Nintendo,0.78,0.28,0.07,0.02,1.16
10342,Dynasty Warriors Advance,GBA,2005,Action,Nintendo,0.08,0.03,0,0,0.11
11387,Kamen Rider: Travelers Senki,3DS,2013,Action,Seventh Chord,0,0,0.08,0,0.08
5679,Littlest Pet Shop: City Friends,DS,2009,Simulation,Electronic Arts,0.29,0,0,0.02,0.32
11380,Iron Man / X-O Manowar in Heavy Metal,PS,1996,Platform,Acclaim Entertainment,0.05,0.03,0,0.01,0.08
11262,Ultimate Card Games DS,DS,2008,Strategy,Telegames,0.08,0,0,0.01,0.08
13828,Draglade (JP sales),DS,2007,Fighting,505 Games,0,0,0.04,0,0.04
218,StarCraft II: Wings of Liberty,PC,2010,Strategy,Activision,2.56,1.68,0,0.59,4.83
3125,MX vs. ATV Untamed,PSP,2007,Racing,THQ,0.35,0.18,0,0.12,0.65
7343,Bratz: Forever Diamondz,GC,2006,Adventure,THQ,0.17,0.04,0,0.01,0.21
8796,The Secret Saturdays: Beasts of the 5th Sun,PS2,2009,Action,D3Publisher,0.05,0.02,0,0.08,0.15
10318,Kotoba no Puzzle: Mojipittan Daijiten,PSP,2004,Puzzle,Namco Bandai Games,0,0,0.11,0,0.11
13046,Street Fighter V,PC,2016,Fighting,Capcom,0,0.05,0,0,0.05
16394,Handball 16,X360,2015,Sports,Bigben Interactive,0,0.01,0,0,0.01
16592,Chou Ezaru wa Akai Hana: Koi wa Tsuki ni Shirube Kareru,PSV,2016,Action,dramatic create,0,0,0.01,0,0.01
2095,Oddworld: Abe's Exoddus,PS,1998,Platform,GT Interactive,0.55,0.38,0,0.06,0.99
6456,Rune: Viking Warlord,PS2,2001,Action,Take-Two Interactive,0.13,0.1,0,0.03,0.26
6097,Links 2004,XB,2003,Sports,Microsoft Game Studios,0.21,0.06,0,0.01,0.29
11419,Ultimate Ghosts 'n Goblins,PSP,2006,Platform,Capcom,0.07,0.01,0,0.01,0.08
5489,Shrek SuperSlam,GBA,2005,Action,Activision,0.24,0.09,0,0.01,0.33
9766,Ferrari Challenge Trofeo Pirelli,PS2,2008,Racing,System 3 Arcade Software,0.06,0.05,0,0.02,0.12
3067,Madagascar,GC,2005,Platform,Activision,0.52,0.13,0,0.02,0.66
11655,Madden NFL 08,GC,2007,Sports,Electronic Arts,0.06,0.02,0,0,0.08
5375,Harry Potter and the Deathly Hallows - Part 2,X360,2011,Action,Electronic Arts,0.19,0.12,0,0.03,0.34
14435,Alia's Carnival! Sacrament,PSV,2015,Adventure,dramatic create,0,0,0.03,0,0.03
5808,My Virtual Tutor: Reading Adventure Pre-K to Kindergarten,DS,2009,Misc,Mentor Interactive,0.29,0,0,0.02,0.31
10987,Pro Evolution Soccer 2012,PC,2011,Action,Konami Digital Entertainment,0,0.07,0,0.02,0.09
13651,Saint Seiya: Soldiers' Soul,PS3,2015,Fighting,Namco Bandai Games,0,0,0.04,0,0.04
8667,Michael Jackson: The Experience,PSP,2010,Misc,Ubisoft,0.11,0.03,0,0.02,0.16
7359,The BIGS 2,X360,2009,Sports,Take-Two Interactive,0.19,0.01,0,0.02,0.21
8821,Kingdom of Paradise,PSP,2005,Role-Playing,Sony Computer Entertainment,0.14,0,0,0.01,0.15
9840,Dodge Racing: Charger vs Challenger,Wii,2009,Racing,Zushi Games,0.11,0,0,0.01,0.12
16312,Rally Championship,GC,2003,Racing,SCi,0.01,0,0,0,0.01
7418,WinBack: Covert Operations,N64,1999,Shooter,Virgin Interactive,0.17,0.04,0,0,0.21
5059,Saints Row: The Third,PC,2011,Action,THQ,0.16,0.16,0,0.06,0.38
11847,Mucha Lucha! Mascaritas of the Lost Code,GBA,2003,Fighting,Ubisoft,0.05,0.02,0,0,0.07
7526,Major League Baseball 2K11,PS3,2011,Sports,Take-Two Interactive,0.15,0.03,0,0.02,0.2
243,Dragon Quest VII: Warriors of Eden,PS,2000,Role-Playing,Enix Corporation,0.2,0.14,4.1,0.02,4.47
16292,The Train Giant,PC,2012,Strategy,Ascaron Entertainment,0,0.01,0,0,0.01
9077,Terminator 3: Rise of the Machines,XB,2003,Action,Atari,0.11,0.03,0,0.01,0.14
5987,Majin and the Forsaken Kingdom,PS3,2010,Adventure,Namco Bandai Games,0.09,0.14,0.01,0.05,0.29
4596,Big Strike Bowling,PS,2003,Sports,Gotham Games,0.23,0.16,0,0.03,0.42
12036,Trick DS-han: Kakushi Kami no Sumukan,DS,2010,Misc,Konami Digital Entertainment,0,0,0.07,0,0.07
2235,Mega Man 4,NES,1991,Platform,Capcom,0.51,0.09,0.32,0.01,0.93
5411,Rayman Legends,XOne,2014,Platform,Ubisoft,0.13,0.18,0,0.03,0.34
3810,The Lord of the Rings: The Two Towers,GC,2002,Action,Electronic Arts,0.41,0.11,0,0.01,0.53
6908,Dora the Explorer: Super Star Adventures,GBA,2004,Adventure,Game Factory,0.17,0.06,0,0,0.24
7287,J-League Winning Eleven 2008: Club Championship,PS2,2008,Sports,Konami Digital Entertainment,0,0,0.22,0,0.22
2885,LEGO Racers,N64,1999,Racing,LEGO Media,0.51,0.18,0,0.01,0.71
3992,The Saboteur,PS3,2009,Action,Electronic Arts,0.2,0.22,0,0.08,0.5
13408,Wolfenstein,PC,2009,Shooter,Activision,0.01,0.03,0,0.01,0.05
8831,Final Fantasy XI: Vana'diel Collection 2008,X360,2007,Role-Playing,Square Enix,0.13,0,0.01,0.01,0.15
6363,Etrian Odyssey II: Heroes of Lagaard,DS,2008,Role-Playing,Atlus,0.1,0,0.16,0.01,0.27
5970,Need for Speed Underground,GBA,2003,Racing,Electronic Arts,0.21,0.08,0,0.01,0.29
1319,Batman: Arkham Knight,XOne,2015,Action,Warner Bros. Interactive Entertainment,0.86,0.46,0,0.13,1.45
6811,Imagine: Teacher Class Trip,DS,2009,Adventure,Ubisoft,0.1,0.12,0,0.02,0.24
11230,Edna & Harvey: Harvey's New Eyes,PC,2011,Adventure,Rondomedia,0,0.07,0,0.01,0.09
10169,Eragon,PSP,2006,Action,Vivendi Games,0.1,0,0,0.01,0.11
11934,Vampire Knight DS,DS,2009,Adventure,D3Publisher,0,0,0.07,0,0.07
8281,Goosebumps HorrorLand,Wii,2008,Adventure,Scholastic Inc.,0.16,0,0,0.01,0.17
6737,Dood's Big Adventure,Wii,2010,Platform,THQ,0.22,0.01,0,0.02,0.25
8312,Cabela's Legendary Adventures,PSP,2008,Sports,Activision,0.16,0,0,0.01,0.17
6063,The Urbz: Sims In the City (US weekly sales),DS,2004,Simulation,Electronic Arts,0.27,0,0,0.02,0.29
7869,Squeeballs Party,Wii,2009,Puzzle,Performance Designed Products,0.18,0,0,0.01,0.19
10712,Ben 10 Galactic Racing,X360,2011,Racing,D3Publisher,0.07,0.02,0,0.01,0.1
5165,Dreamworks Madagascar Kartz,DS,2009,Racing,Activision,0.25,0.08,0,0.03,0.36
2518,Custer's Revenge,2600,1981,Action,Mystique,0.76,0.05,0,0.01,0.82
11967,Blast Radius,PS,1998,Action,Psygnosis,0.04,0.03,0,0,0.07
9894,One Piece: Super Grand Battle! X,3DS,2014,Fighting,Namco Bandai Games,0,0,0.12,0,0.12
4619,Test Drive,XB,2002,Racing,Atari,0.35,0.05,0,0.02,0.42
14312,Captain Morgane and the Golden Turtle,DS,2012,Adventure,Reef Entertainment,0,0.03,0,0,0.03
13675,Dark Half,SNES,1996,Role-Playing,Enix Corporation,0,0,0.04,0,0.04
67,Final Fantasy VII,PS,1997,Role-Playing,Sony Computer Entertainment,3.01,2.47,3.28,0.96,9.72
4099,The Legend of the Mystical Ninja,SNES,1991,Adventure,Konami Digital Entertainment,0,0,0.48,0,0.48
9489,Shimano Xtreme Fishing,Wii,2009,Sports,Mastiff,0.12,0,0,0.01,0.13
9022,Diner Dash: Flo on the Go,DS,2009,Puzzle,Zoo Games,0.13,0,0,0.01,0.14
10275,Animal Planet: Vet Life,DS,2009,Simulation,Activision,0.1,0,0,0.01,0.11
3971,WWE 2K16,X360,2015,Sports,Take-Two Interactive,0.27,0.19,0,0.04,0.5
1034,Rockstar Games Double Pack: Grand Theft Auto III & Grand Theft Auto Vice City,PS2,2003,Action,Take-Two Interactive,0.85,0.66,0,0.22,1.72
7423,The King of Fighters '96,SAT,1996,Fighting,SNK,0,0,0.21,0,0.21
13526,Puyo Puyo Tetris,PS3,2014,Puzzle,Sega,0,0,0.04,0,0.04
11215,XIII,GC,2003,Shooter,Ubisoft,0.07,0.02,0,0,0.09
6576,"SpongeBob SquarePants: Lights, Camera, Pants!",XB,2005,Misc,THQ,0.19,0.06,0,0.01,0.26
8398,Custom Robo Arena,DS,2006,Fighting,Nintendo,0.02,0.02,0.12,0,0.17
14651,Tago Akira no Atama no Taisou Dai-2-Shuu: Ginga Oudan Nazotoki Adventure,DS,2009,Adventure,Level 5,0,0,0.03,0,0.03
5280,Vancouver 2010 - The Official Video Game of the Olympic Winter Games,PS3,2010,Sports,Sega,0.09,0.2,0,0.07,0.35
13486,Exist Archive: The Other Side of the Sky,PSV,2015,Role-Playing,Aksys Games,0,0,0.04,0,0.04
5403,Football Manager Handheld 2008,PSP,2007,Sports,Sega,0,0.34,0,0,0.34
6802,Ace Combat: Assault Horizon Legacy,3DS,2011,Simulation,Namco Bandai Games,0.1,0.06,0.08,0.01,0.24
1758,Sniper: Ghost Warrior,X360,2010,Shooter,City Interactive,0.54,0.51,0,0.12,1.16
1515,Adventure,2600,N/A,Adventure,Atari,1.21,0.08,0,0.01,1.3
8965,Pac-Man Party 3D,3DS,2011,Misc,Namco Bandai Games,0.09,0.04,0,0.01,0.15
5394,Silent Hill HD Collection,PS3,2012,Action,Konami Digital Entertainment,0.15,0.11,0.03,0.05,0.34
11626,Skeleton Warriors,PS,1996,Platform,Virgin Interactive,0.04,0.03,0,0.01,0.08
8139,Commandos 2: Men of Courage,PS2,2002,Strategy,Eidos Interactive,0.09,0.07,0,0.02,0.18
14681,The IdolM@ster: Gravure For You! Vol. 6,PS3,2012,Action,Namco Bandai Games,0,0,0.03,0,0.03
8592,Buck Bumble,N64,1998,Action,Ubisoft,0.13,0.03,0,0,0.16
177,Assassin's Creed II,X360,2009,Action,Ubisoft,3.1,1.56,0.08,0.51,5.27
12910,Animal Planet: Vet Collection,DS,2010,Simulation,Activision,0.05,0,0,0,0.05
443,Need for Speed III: Hot Pursuit,PS,1998,Racing,Electronic Arts,2.14,0.86,0,0.13,3.12
16150,Chokkan! Asonde Relaxuma,DS,2008,Action,Rocket Company,0,0,0.01,0,0.01
7906,International Soccer,2600,1981,Sports,Mattel Interactive,0.18,0.01,0,0,0.19
4173,Victorious Boxers: Ippo's Road to Glory,PS2,2000,Fighting,Empire Interactive,0.05,0.04,0.38,0.01,0.47
11908,Tom Clancy's Splinter Cell: Chaos Theory,DS,2005,Action,Ubisoft,0.06,0,0,0.01,0.07
6476,Crash Tag Team Racing,PSP,2005,Racing,Vivendi Games,0.16,0.06,0,0.04,0.26
15634,TMNT: Mutant Melee,XB,2005,Fighting,Konami Digital Entertainment,0.01,0,0,0,0.02
15676,Antiphona no Seikahime: Tenshi no Gakufu Op.A,PSP,2009,Role-Playing,Nippon Ichi Software,0,0,0.02,0,0.02
35,Call of Duty: Black Ops II,PS3,2012,Shooter,Activision,4.99,5.88,0.65,2.52,14.03
600,Dragon Age: Origins,X360,2009,Role-Playing,Electronic Arts,1.76,0.56,0.03,0.22,2.57
13382,Intellivision Lives!,XB,2004,Misc,Crave Entertainment,0.03,0.01,0,0,0.05
5666,Monster Lab,Wii,2008,Role-Playing,Eidos Interactive,0.28,0.02,0,0.02,0.32
552,The Legend of Zelda: A Link to the Past,GBA,2002,Action,Nintendo,1.75,0.52,0.33,0.1,2.7
11765,Zumba Fitness Core,Wii,2012,Misc,505 Games,0,0.07,0,0.01,0.07
49,Super Mario Galaxy,Wii,2007,Platform,Nintendo,6.16,3.4,1.2,0.76,11.52
10565,Hakuouki Portable,PSP,2009,Adventure,Idea Factory,0,0,0.1,0,0.1
4353,Rock Band Country Track Pack,Wii,2009,Misc,MTV Games,0.42,0,0,0.03,0.45
2060,Dead or Alive 2,PS2,2000,Fighting,Tecmo Koei,0.3,0.24,0.38,0.08,1
16290,TimeShift,PC,2007,Shooter,Vivendi Games,0.01,0,0,0,0.01
13606,Maken Shao: Demon Sword,PS2,2001,Action,Midas Interactive Entertainment,0,0,0.04,0,0.04
6118,Baby Pals,DS,2007,Simulation,THQ,0.26,0.01,0,0.02,0.28
2343,NFL 2K2,PS2,2001,Sports,Sega,0.44,0.34,0,0.11,0.89
16512,Trine,PC,2009,Action,Nobilis,0,0.01,0,0,0.01
7378,G.I. Joe: The Rise of Cobra,PS3,2009,Action,Electronic Arts,0.11,0.07,0,0.03,0.21
5241,Super Robot Taisen A,GBA,2001,Strategy,Banpresto,0,0,0.35,0.01,0.36
14586,Battle vs. Chess,PC,N/A,Misc,TopWare Interactive,0,0.02,0,0.01,0.03
283,Super Mario World 2: Yoshi's Island,SNES,1995,Platform,Nintendo,1.65,0.61,1.76,0.09,4.12
6580,Lemony Snicket's A Series of Unfortunate Events,GC,2004,Platform,Activision,0.2,0.05,0,0.01,0.26
192,Kirby's Dream Land,GB,1992,Platform,Nintendo,2.71,0.61,1.7,0.11,5.13
15238,Dies Irae: Amantes Amentes,PSP,2012,Action,Views,0,0,0.02,0,0.02
1745,Final Fantasy Tactics: The War of the Lions,PSP,2007,Role-Playing,Square Enix,0.45,0.25,0.3,0.16,1.16
1147,Buzz! The Music Quiz,PS2,2005,Misc,Sony Computer Entertainment,0,1.18,0,0.43,1.61
14784,Divinity II: Flames of Vengeance,PC,2010,Role-Playing,DTP Entertainment,0,0.02,0,0.01,0.03
217,God of War III,PS3,2010,Action,Sony Computer Entertainment,2.74,1.36,0.12,0.63,4.84
15445,Legend of Kay Anniversary,PS4,2015,Action,Nordic Games,0,0.02,0,0,0.02
1693,SpongeBob SquarePants: Revenge of the Flying Dutchman,GBA,2002,Platform,THQ,0.92,0.23,0,0.04,1.19
1492,Gyromite,NES,1985,Puzzle,Nintendo,0.73,0.16,0.4,0.03,1.32
6051,One Piece: Pirate Warriors 3,PS3,2015,Action,Namco Bandai Games,0,0.09,0.19,0.01,0.29
782,Need for Speed: Hot Pursuit 2,PS2,2002,Racing,Electronic Arts,1.68,0.31,0.02,0.09,2.11
3611,Fatal Fury Special,SNES,1994,Fighting,Takara,0,0,0.56,0,0.56
9857,Ultimate Card Games,GBA,2003,Misc,Telegames,0.09,0.03,0,0,0.12
8967,Backyard Sports: Sandlot Sluggers,DS,2010,Sports,Atari,0.14,0,0,0.01,0.15
3736,Bratz: Rock Angelz,GBA,2004,Misc,THQ,0.39,0.14,0,0.01,0.54
11597,Alien Syndrome,PSP,2007,Role-Playing,Sega,0.07,0,0,0.01,0.08
11046,Ratchet & Clank Future: Quest for Booty,PS3,2008,Platform,Sony Computer Entertainment,0.01,0.06,0,0.02,0.09
1787,Brave Fencer Musashi,PS,1998,Role-Playing,SquareSoft,0.25,0.17,0.65,0.07,1.14
215,Monster Hunter Freedom 3,PSP,2010,Role-Playing,Capcom,0,0,4.87,0,4.87
4339,Ghostbusters,2600,1985,Puzzle,Activision,0.42,0.03,0,0,0.45
3868,SSX On Tour,PS2,2005,Sports,Electronic Arts,0.25,0.2,0,0.07,0.52
6111,DeathSmiles,X360,2009,Shooter,Rising Star Games,0.15,0.06,0.05,0.02,0.28
16355,Juiced 2: Hot Import Nights,PC,2007,Racing,THQ,0,0.01,0,0,0.01
9795,Atelier Annie: Alchemists of Sera Island,DS,2009,Role-Playing,Gust,0.08,0,0.03,0.01,0.12
10191,Disney's Extreme Skate Adventure,XB,2003,Sports,Activision,0.08,0.02,0,0,0.11
6467,Skylanders: SuperChargers,Wii,2015,Action,Activision,0.05,0.19,0,0.02,0.26
5642,Extreme Pinball,PS,1995,Misc,Electronic Arts,0.18,0.12,0,0.02,0.32
3196,Monster Hunter 2,PS2,N/A,Role-Playing,Capcom,0,0,0.63,0,0.63
3092,Taiko no Tatsujin DS: Touch de Dokodon!,DS,2007,Misc,Namco Bandai Games,0,0,0.66,0,0.66
2178,SpongeBob SquarePants: Battle for Bikini Bottom,GC,2003,Platform,THQ,0.74,0.19,0,0.03,0.95
1991,MVP Baseball 2003,PS2,2003,Sports,Electronic Arts,0.51,0.4,0,0.13,1.04
9711,Echo Night,PS,1998,Adventure,From Software,0.03,0.02,0.07,0.01,0.12
4001,Dreamworks Madagascar Kartz,Wii,2009,Racing,Activision,0.29,0.16,0,0.05,0.5
5734,Yu-Gi-Oh! The Dawn of Destiny,XB,2004,Strategy,Konami Digital Entertainment,0.23,0.07,0,0.01,0.31
3268,Halloween,2600,1982,Action,Wizard Video Games,0.58,0.03,0,0.01,0.62
2325,The Biggest Loser: Ultimate Workout,X360,2010,Sports,THQ,0.73,0.1,0,0.06,0.9
4637,The Fairly Odd Parents: Game Boy Advance Video Volume 2,GBA,2004,Misc,N/A,0.3,0.11,0,0.01,0.42
8311,Macross Ultimate Frontier,PSP,2009,Action,Namco Bandai Games,0,0,0.17,0,0.17
6093,Family Guy: Back to the Multiverse,PS3,2012,Action,Activision,0.12,0.12,0,0.05,0.29
10605,Bejeweled Twist,DS,2010,Puzzle,PopCap Games,0,0.09,0,0.01,0.1
3735,Cars 2,PS3,2011,Racing,Disney Interactive Studios,0.22,0.23,0,0.09,0.54
1588,Tom Clancy's Rainbow Six: Vegas,PS3,2007,Shooter,Ubisoft,0.47,0.53,0.03,0.22,1.25
1501,TNN Motor Sports Hardcore 4x4,PS,1996,Racing,ASC Games,0.73,0.5,0,0.09,1.31
2913,Kill.Switch,PS2,2003,Shooter,Sony Computer Entertainment,0.34,0.27,0,0.09,0.7
5142,Marvel: Ultimate Alliance,PSP,2006,Role-Playing,Activision,0.33,0,0,0.03,0.37
8993,Metal Slug 7,DS,2008,Shooter,Ignition Entertainment,0.13,0,0.01,0.01,0.15
1936,Ridge Racer Revolution,PS,1995,Racing,Sony Computer Entertainment,0.17,0.12,0.71,0.07,1.07
12105,Grand Ages: Medieval,PS4,2015,Strategy,Kalypso Media,0,0.05,0.01,0.01,0.07
6808,BioShock 2,PC,N/A,Shooter,Take-Two Interactive,0.02,0.19,0,0.04,0.24
13291,Cesar Millan's Dog Whisperer,DS,2008,Simulation,Ubisoft,0.04,0,0,0,0.05
16149,Fuuraiki 3,PSV,2015,Action,Unknown,0,0,0.01,0,0.01
14974,Omega Quintet,PS4,2014,Role-Playing,Compile Heart,0,0,0.02,0,0.02
15976,Vitamin X: Detective B6,PSP,2012,Adventure,D3Publisher,0,0,0.02,0,0.02
14032,Jane's Hotel,DS,2010,Simulation,Unknown,0.03,0,0,0,0.04
15670,Pulse Racer,XB,2003,Racing,Jaleco,0.01,0,0,0,0.02
612,Dragon Warrior,NES,1986,Role-Playing,Capcom,0.49,0,0.52,1.51,2.52
579,Halo Wars,X360,2009,Strategy,Microsoft Game Studios,1.53,0.82,0.04,0.24,2.63
9990,Die Hard: Vendetta,GC,2002,Shooter,NDA Productions,0.09,0.02,0,0,0.12
13850,The Adventures of Darwin,PS2,2006,Strategy,Essential Games,0.01,0,0.03,0,0.04
1416,Ridge Racer 7,PS3,2006,Racing,Namco Bandai Games,0.24,0.7,0.16,0.26,1.37
8115,Van Helsing,XB,2007,Action,Activision,0.13,0.04,0,0.01,0.18
6855,Grand Slam Tennis 2,PS3,2012,Sports,Electronic Arts,0.09,0.11,0,0.04,0.24
15330,Commando: Steel Disaster,DS,2008,Shooter,Lexicon Entertainment,0.02,0,0,0,0.02
15439,Painkiller: Hell & Damnation,X360,2013,Shooter,Nordic Games,0,0.01,0,0,0.02
4189,Automobili Lamborghini,N64,1997,Racing,Titus,0.28,0.17,0,0.01,0.47
6271,Rapala Pro Bass Fishing 2010,PS3,2010,Sports,Activision,0.18,0.06,0,0.03,0.27
16382,Grand Prix Legends,PC,1997,Racing,Vivendi Games,0,0.01,0,0,0.01
11994,Zettai Zetsumei Toshi 3: Kowareyuku Machi to Kanojyo no Uta,PSP,2009,Action,Irem Software Engineering,0,0,0.07,0,0.07
6666,Medal of Honor European Assault,GC,2005,Shooter,Electronic Arts,0.19,0.05,0,0.01,0.25
9559,Cabela's Dangerous Hunts 2009,PS3,2008,Sports,Activision Value,0.12,0,0,0.01,0.13
11069,Jambo! Safari Animal Rescue,Wii,2009,Simulation,Sega,0.07,0.01,0,0.01,0.09
8886,Brain Boost: Gamma Wave,DS,2005,Puzzle,505 Games,0.14,0,0,0.01,0.15
4485,Mobile Suit Gundam: One Year War,PS2,2005,Action,Namco Bandai Games,0,0,0.44,0,0.44
5755,Jikkyou Powerful Pro Yakyuu 4,N64,1997,Sports,Konami Digital Entertainment,0,0,0.26,0.05,0.31
10057,Mega Man Battle Chip Challenge,GBA,2003,Misc,Capcom,0.08,0.03,0,0,0.11
15972,Sid Meier's Civilization Revolution 2+,PSV,2015,Strategy,Take-Two Interactive,0,0,0.02,0,0.02
638,Sonic Adventure,DC,1998,Platform,Sega,1.26,0.61,0.46,0.08,2.42
1878,Virtua Fighter 5,PS3,2007,Fighting,Sega,0.29,0.52,0.08,0.2,1.09
3591,WWE Raw 2,XB,2003,Fighting,THQ,0.43,0.11,0,0.02,0.56
2227,EA Sports Grand Slam Tennis,Wii,2009,Sports,Electronic Arts,0.29,0.52,0.02,0.11,0.93
4066,Spy Hunter 2,PS2,2003,Racing,Midway Games,0.24,0.19,0,0.06,0.49
361,Grand Theft Auto: Liberty City Stories,PS2,2006,Action,Take-Two Interactive,1.56,1.4,0.07,0.5,3.54
7334,EVE: burst error,SAT,1997,Adventure,Imagineer,0,0,0.21,0,0.21
6162,Tales of the World: Radiant Mythology 3,PSP,2011,Role-Playing,Namco Bandai Games,0,0,0.28,0,0.28
3841,NCAA Football 2003,XB,2002,Sports,Electronic Arts,0.39,0.11,0,0.02,0.52
4298,Mother 1+2,GBA,2003,Role-Playing,Nintendo,0,0,0.45,0.01,0.46
7307,Armored Core V,X360,2012,Simulation,Namco Bandai Games,0.13,0.03,0.04,0.01,0.22
14721,Aegis of Earth: Protonovus Assault,PS3,2016,Action,PQube,0.01,0.01,0,0,0.03
7687,Armored Core 4,PS3,2006,Simulation,505 Games,0.09,0,0.09,0.01,0.2
9452,The Smurfs 2,X360,2013,Platform,Ubisoft,0.03,0.09,0,0.01,0.13
3848,Final Fantasy Explorers,3DS,2014,Role-Playing,Square Enix,0.15,0.07,0.28,0.02,0.52
6106,All Star Cheer Squad,DS,2008,Sports,THQ,0.26,0,0,0.02,0.28
1498,Cars 2,DS,2011,Racing,Disney Interactive Studios,0.72,0.44,0.04,0.12,1.32
2553,DiRT 2,X360,2009,Racing,Codemasters,0.32,0.4,0,0.09,0.81
5804,40 Winks,PS,1999,Platform,GT Interactive,0.17,0.12,0,0.02,0.31
2319,FIFA Soccer 09 All-Play,Wii,2008,Sports,Electronic Arts,0.29,0.52,0,0.09,0.9
3990,FIFA 14,PSV,2013,Sports,Electronic Arts,0.11,0.25,0.01,0.13,0.5
13585,Naruto Shippuuden: Shinobi Retsuden III,DS,2009,Action,Takara Tomy,0,0,0.04,0,0.04
3213,Call of Duty: Black Ops,DS,2010,Shooter,Activision,0.54,0.05,0,0.04,0.63
15377,Kawaii Koinu DS 3,DS,2010,Simulation,MTO,0,0,0.02,0,0.02
11136,The Suffering: Ties That Bind,XB,2005,Action,Midway Games,0.07,0.02,0,0,0.09
13730,Harley-Davidson: Road Trip,Wii,2010,Racing,Destineer,0.04,0,0,0,0.04
1037,Call of Duty: World at War Final Fronts,PS2,2008,Shooter,Activision,0.61,0.18,0,0.94,1.72
14736,Eco Creatures: Save The Forest,DS,2007,Adventure,Rising Star Games,0.03,0,0,0,0.03
14770,The Sims 2: Bon Voyage,PC,2007,Simulation,Electronic Arts,0.01,0.01,0,0,0.03
5606,Ben 10 Ultimate Alien: Cosmic Destruction,DS,2010,Platform,D3Publisher,0.22,0.08,0,0.03,0.32
11789,Record of Agarest War,PS3,2007,Role-Playing,Ghostlight,0,0.03,0.03,0.01,0.07
3527,No More Heroes,Wii,2007,Action,Rising Star Games,0.3,0.17,0.04,0.05,0.57
13131,Dr. Seuss: Green Eggs and Ham,GBA,2003,Action,NewKidCo,0.04,0.01,0,0,0.05
570,Hannah Montana,DS,2006,Action,Disney Interactive Studios,1.59,0.8,0,0.26,2.65
1978,NBA 2K3,PS2,2002,Sports,Sega,0.51,0.4,0,0.13,1.05
15749,Summer Challenge: Athletics Tournament,Wii,2011,Sports,PQube,0,0.01,0,0,0.02
9596,The Price is Right: Decades,Wii,2011,Misc,Ubisoft,0.12,0,0,0.01,0.13
8808,Metal Slug Anthology,Wii,2006,Shooter,Ignition Entertainment,0.12,0.01,0,0.01,0.15
11668,Legend of the Guardians: The Owls of Ga'Hoole,X360,2010,Action,Warner Bros. Interactive Entertainment,0.06,0.01,0,0.01,0.08
12816,Jikkyou Powerful Pro Yakyuu DreamCast Edition,DC,2000,Sports,Konami Digital Entertainment,0,0,0.06,0,0.06
15383,Cross Treasures,DS,2009,Role-Playing,Square Enix,0,0,0.02,0,0.02
4558,Midway Arcade Treasures,XB,2003,Misc,Midway Games,0.33,0.08,0,0.01,0.43
2503,MediEvil,PS,1998,Platform,Sony Computer Entertainment,0.46,0.31,0,0.05,0.83
5422,Herbie: Fully Loaded,GBA,2005,Racing,Disney Interactive Studios,0.24,0.09,0,0.01,0.34
12873,Front Mission Evolved,PC,2010,Shooter,Square Enix,0.05,0,0,0,0.05
5153,Need for Speed: The Run,PC,2011,Action,Electronic Arts,0.09,0.21,0,0.07,0.37
6661,Dynasty Warriors 6 (JP sales),PS2,2008,Action,Tecmo Koei,0,0,0.25,0,0.25
1028,Overwatch,PS4,2016,Shooter,Activision,0.64,0.68,0.14,0.26,1.73
3155,NBA Live 06,XB,2005,Sports,Electronic Arts,0.57,0.04,0,0.03,0.64
1641,Parfait: Chocolat Second Style,PS2,2006,Adventure,Alchemist,0.59,0.46,0.01,0.15,1.22
5931,Dragon Quest Builders: Revive Alefgard,PSV,2016,Role-Playing,Square Enix,0,0,0.3,0,0.3
3397,Iron Man,Wii,2008,Action,Sega,0.31,0.22,0,0.06,0.59
4115,Go Diego Go! Great Dinosaur Rescue,DS,2008,Action,Take-Two Interactive,0.44,0.01,0,0.03,0.48
14192,Batman Forever: The Arcade Game,PS,1996,Action,Acclaim Entertainment,0.02,0.01,0,0,0.03
12085,Dynasty Warriors DS: Fighter's Battle,DS,2007,Action,Tecmo Koei,0.04,0,0.03,0,0.07
11770,Boxing,PS,2000,Fighting,Midas Interactive Entertainment,0.04,0.03,0,0,0.07
11514,Dragon Ball Z: Battle of Z,X360,2014,Fighting,Namco Bandai Games,0.01,0.06,0,0.01,0.08
10242,Breakout,PS,1999,Puzzle,Hasbro Interactive,0.06,0.04,0,0.01,0.11
9142,Gretzky NHL 06,PS2,2005,Sports,Sony Computer Entertainment,0.07,0.05,0,0.02,0.14
14141,World Series of Poker: Tournament of Champions 2007 Edition,PS2,2006,Misc,Activision,0.02,0.01,0,0,0.03
3385,Hot Wheels: Stunt Track Challenge,PS2,2004,Racing,THQ,0.29,0.23,0,0.08,0.59
12890,MLB SlugFest 2006,XB,2006,Sports,Midway Games,0.04,0.01,0,0,0.05
12302,Akagawa Jirou Mystery: Yasoukyoku - Hon ni Manekareta Satsujin,DS,2008,Adventure,Marvelous Interactive,0,0,0.06,0,0.06
7159,Conflict: Vietnam,XB,2004,Shooter,SCi,0.17,0.05,0,0.01,0.22
12772,Dance Dance Revolution: Mario Mix (JP sales),GC,2005,Simulation,Nintendo,0,0,0.05,0,0.06
13661,Mazes of Fate DS,DS,2008,Role-Playing,Graffiti,0.04,0,0,0,0.04
13343,SD Gundam G Generation World,Wii,2011,Strategy,Namco Bandai Games,0,0,0.05,0,0.05
1085,SSX 3,PS2,2003,Sports,Electronic Arts,0.93,0.52,0,0.22,1.67
5768,J-League Winning Eleven 2007: Club Championship,PS2,2007,Sports,Konami Digital Entertainment,0,0,0.31,0,0.31
11198,My Make-Up,DS,2008,Misc,Oxygen Interactive,0.08,0,0,0.01,0.09
10076,Blood Drive,X360,2010,Racing,Activision,0.09,0.01,0,0.01,0.11
13440,Activision Anthology,GBA,2003,Misc,Activision,0.03,0.01,0,0,0.05
14759,The Perfect Golf,PS,1995,Sports,Seta Corporation,0,0,0.03,0,0.03
9691,Obscure: The Aftermath,Wii,2008,Action,Playlogic Game Factory,0.12,0,0,0.01,0.12
10475,Macross 30: Ginga o Tsunagu Utagoe,PS3,2013,Shooter,Namco Bandai Games,0,0,0.1,0,0.1
9971,Stolen Song,PS,1998,Adventure,Sony Computer Entertainment,0,0,0.11,0.01,0.12
7265,NCAA Basketball 09,X360,2008,Sports,Electronic Arts,0.2,0,0,0.02,0.22
9579,Rock Band Track Pack Volume 2,PS3,2008,Misc,MTV Games,0.11,0,0,0.01,0.13
5696,Shenmue II,XB,2002,Adventure,Microsoft Game Studios,0.22,0.08,0,0.01,0.32
4505,FIFA 14,PC,2013,Sports,Electronic Arts,0.01,0.36,0,0.06,0.43
13053,Jenga World Tour,Wii,2007,Misc,Atari,0.05,0,0,0,0.05
10418,D,PS,1995,Adventure,Acclaim Entertainment,0,0,0.1,0.01,0.11
8590,Starcraft 64,N64,2000,Strategy,Nintendo,0.13,0.03,0,0,0.16
3353,LEGO The Hobbit,PS4,2014,Action,Warner Bros. Interactive Entertainment,0.12,0.37,0,0.1,0.6
13770,Super Robot Gakuen,DS,2009,Adventure,Namco Bandai Games,0,0,0.04,0,0.04
9767,Virtua Fighter CG Portrait Series Vol.4: Pai Chan,SAT,1995,Misc,Sega,0,0,0.12,0,0.12
9459,The IdolM@ster: One for All,PS3,2014,Misc,Namco Bandai Games,0,0,0.13,0,0.13
9992,F1 2002,PS2,2002,Racing,Electronic Arts,0.05,0.04,0.02,0.01,0.12
1202,007: The World is not Enough,N64,2000,Action,Electronic Arts,1.13,0.38,0.02,0.03,1.55
1197,Dishonored,PS3,2012,Action,Bethesda Softworks,0.72,0.54,0.04,0.25,1.55
879,FIFA Soccer 09,X360,2008,Sports,Electronic Arts,0.49,1.26,0.01,0.18,1.94
7858,The Amazing Spider-Man (Console Version),3DS,2012,Action,Activision,0.15,0.03,0,0.01,0.19
3501,NFL Blitz 2000,N64,1999,Sports,Midway Games,0.55,0.02,0,0,0.58
11212,L: the proLogue to DEATH NOTE - Rasen no Wana,DS,2008,Adventure,Konami Digital Entertainment,0,0,0.09,0,0.09
12130,Secret Service: Ultimate Sacrifice,PS2,2008,Action,Activision,0.03,0.03,0,0.01,0.07
14446,Dancing Blade II: Tears of Eden,PS,1999,Adventure,Konami Digital Entertainment,0,0,0.03,0,0.03
7448,Rollcage,PS,1999,Racing,Psygnosis,0.12,0.08,0,0.01,0.21
2901,Ratchet & Clank: Into the Nexus,PS3,2013,Shooter,Sony Computer Entertainment,0.3,0.29,0,0.11,0.71
2417,The Lord of the Rings: War in the North,PS3,N/A,Action,Warner Bros. Interactive Entertainment,0.25,0.45,0.01,0.15,0.86
3372,Xena: Warrior Princess,PS,1998,Adventure,Electronic Arts,0.33,0.23,0,0.04,0.6
7861,Hexen,N64,1996,Shooter,GT Interactive,0.15,0.04,0,0,0.19
15967,Curse of the Amsterdam Diamond,DS,2012,Puzzle,Easy Interactive,0,0.01,0,0,0.02
13333,Magic Carpet,PS,1995,Shooter,Electronic Arts,0.03,0.02,0,0,0.05
8538,TimeSplitters: Future Perfect,XB,2005,Shooter,Electronic Arts,0.12,0.03,0,0.01,0.16
15907,Night Wizard the Video Game: Denial of the World,PS2,2008,Adventure,5pb,0,0,0.02,0,0.02
11845,Utawarerumono: Itsuwari no Kamen,PSV,2015,Adventure,Aqua Plus,0,0,0.07,0,0.07
4126,Need for Speed: Hot Pursuit,Wii,2010,Racing,Electronic Arts,0.18,0.24,0,0.05,0.48
4851,Diner Dash: Sizzle & Serve,DS,2007,Puzzle,Eidos Interactive,0.34,0.03,0,0.03,0.4
9049,Championship Motocross 2001 featuring Ricky Carmichael,PS,2001,Racing,THQ,0.08,0.05,0,0.01,0.14
11507,Samurai Shodown III,NG,1995,Fighting,SNK,0,0,0.08,0,0.08
3875,NFL 2K3,XB,2002,Sports,Sega,0.38,0.11,0,0.02,0.52
3434,Harvest Moon: Friends of Mineral Town,GBA,2003,Simulation,Ubisoft,0.34,0.13,0.11,0.01,0.59
5377,The Fairly Odd Parents: Shadow Showdown,GBA,2004,Platform,THQ,0.25,0.09,0,0.01,0.34
13523,Disney's Meet the Robinsons,GC,2007,Action,Disney Interactive Studios,0.03,0.01,0,0,0.04
14927,Yahari Game Demo Ore no Seishun Love-Kome Hamachi Gatteiru,PSV,2013,Adventure,5pb,0,0,0.02,0,0.02
2914,Lalaloopsy,DS,2011,Simulation,Activision,0.54,0.1,0,0.06,0.7
12608,Crazy Chicken: Pharaoh's Treasure,DS,2007,Puzzle,Phenomedia,0.05,0,0,0,0.06
10251,Tornado Outbreak,Wii,2009,Action,Konami Digital Entertainment,0.1,0,0,0.01,0.11
8546,Angry Birds Trilogy,PS3,2012,Action,Activision,0.12,0.02,0,0.02,0.16
738,Wario Land 3,GB,2000,Platform,Nintendo,1.11,0.51,0.34,0.23,2.2
10259,Felony 11-79,PS,1997,Racing,ASCII Entertainment,0.06,0.04,0,0.01,0.11
12462,Coded Arms: Contagion,PSP,2007,Shooter,Konami Digital Entertainment,0.05,0,0,0.01,0.06
8730,Hot Wheels: Battle Force 5,DS,2009,Racing,Activision,0.13,0.02,0,0.01,0.15
2118,South Park: The Stick of Truth,PS3,2014,Role-Playing,Ubisoft,0.42,0.38,0,0.17,0.98
14444,Jyuzaengi: Engetsu Sangokuden,PSP,2012,Action,Idea Factory,0,0,0.03,0,0.03
7638,The Witch and the Hundred Knight,PS3,2013,Role-Playing,Nippon Ichi Software,0.06,0.02,0.1,0.01,0.2
13463,Art of Fighting Anthology,PS2,2006,Fighting,Crave Entertainment,0.02,0.02,0,0.01,0.04
16144,Furious Karting,XB,2003,Racing,Atari,0.01,0,0,0,0.01
9636,Crash Tag Team Racing,XB,2005,Racing,Vivendi Games,0.09,0.03,0,0,0.13
7527,Mobile Suit Gundam: Crossfire,PS3,2006,Simulation,Namco Bandai Games,0.06,0,0.14,0.01,0.2
14803,Battlezone,PSP,2006,Shooter,Atari,0.02,0,0,0,0.03
2175,Wheel of Fortune,PS2,N/A,Misc,Unknown,0.47,0.36,0,0.12,0.95
11175,Spectral Force 3,X360,2006,Role-Playing,Idea Factory,0.08,0,0,0.01,0.09
2714,Assassin's Creed: Revelations,PC,2011,Action,Ubisoft,0.14,0.48,0,0.14,0.76
447,Dragon Warrior IV,NES,1990,Role-Playing,Enix Corporation,0.08,0,3.03,0.01,3.12
2769,Tom Clancy's Rainbow Six: Vegas,PSP,2007,Shooter,Ubisoft,0.42,0.19,0,0.14,0.74
15011,George of the Jungle and the Search for the Secret,Wii,2008,Platform,Ignition Entertainment,0.02,0,0,0,0.02
6897,Divinity II: Ego Draconis,X360,2009,Role-Playing,DTP Entertainment,0.18,0.04,0,0.02,0.24
12967,Kamen Rider: Dragon Knight,DS,2009,Fighting,D3Publisher,0.05,0,0,0,0.05
598,Ratchet & Clank: Up Your Arsenal,PS2,2004,Platform,Sony Computer Entertainment,1.31,0.74,0.31,0.22,2.57
9597,Snood,GBA,2001,Puzzle,"Destination Software, Inc",0.09,0.03,0,0,0.13
1861,Famicom Jump: Eiyuu Retsuden,NES,1989,Role-Playing,Namco Bandai Games,0,0,1.1,0,1.1
6644,Exhibition,XB,2001,Misc,Microsoft Game Studios,0.19,0.05,0,0.01,0.25
12949,Choujikuu Yousai Macross: Do You Remember Love,PS3,2012,Shooter,Namco Bandai Games,0,0,0.05,0,0.05
6027,Xena: Warrior Princess - The Talisman of Fate,N64,1999,Fighting,Titus,0.23,0.06,0,0,0.29
2733,Wall-E,PS2,2008,Platform,THQ,0.21,0,0,0.54,0.75
15256,Canimal Triple,PSV,2014,Misc,Warner Bros. Interactive Entertainment,0,0.02,0,0,0.02
2433,Need for Speed: Nitro,Wii,2009,Racing,Electronic Arts,0.46,0.31,0,0.08,0.85
9035,Klonoa: Empire of Dreams,GBA,2001,Platform,Infogrames,0.1,0.04,0,0,0.14
13788,Deadliest Warrior: Ancient Combat,PS3,2012,Fighting,Cloud Imperium Games Corporation,0.04,0,0,0,0.04
12481,Dead Rising 2: Off the Record,PC,2011,Action,Capcom,0.04,0.02,0,0.01,0.06
15479,Yu-Gi-Oh! 5D's Wheelie Breakers (JP sales),Wii,N/A,Racing,Unknown,0,0,0.02,0,0.02
8293,Backyard NFL Football '09,PS2,2008,Sports,Atari,0.08,0.07,0,0.02,0.17
