Rank,Name,Platform,Genre,Publisher,NA_Sales,EU_Sales,JP_Sales,Other_Sales,Global_Sales
25,Grand Theft Auto: Vice City,PS2,Action,Take-Two Interactive,8.41,5.49,0.47,1.78,16.15
26,Pokemon Ruby/Pokemon Sapphire,GBA,Role-Playing,Nintendo,6.06,3.9,5.38,0.5,15.85
115,Medal of Honor: Frontline,PS2,Shooter,Electronic Arts,2.93,2.75,0.17,0.99,6.83
132,Kingdom Hearts,PS2,Role-Playing,Sony Computer Entertainment,3.64,1.2,1.49,0.07,6.4
136,Super Mario Sunshine,GC,Platform,Nintendo,4.01,1.26,0.87,0.17,6.31
228,The Lord of the Rings: The Two Towers,PS2,Action,Electronic Arts,1.94,1.95,0.08,0.7,4.67
233,The Legend of Zelda: The Wind Waker,GC,Action,Nintendo,2.6,0.99,0.89,0.13,4.6
242,Spider-Man: The Movie,PS2,Action,Activision,2.71,1.51,0.03,0.23,4.48
280,Madden NFL 2003,PS2,Sports,Electronic Arts,3.36,0.21,0.01,0.56,4.14
329,The Sims: Unleashed,PC,Simulation,Electronic Arts,2.03,1.56,0,0.17,3.76
340,Tony Hawk's Pro Skater 4,PS2,Sports,Activision,2.13,1.18,0.01,0.35,3.67
343,SOCOM: U.S. Navy SEALs,PS2,Shooter,Sony Computer Entertainment,2.53,0.81,0.06,0.24,3.65
362,The Getaway,PS2,Action,Sony Computer Entertainment,1.23,1.77,0.05,0.49,3.54
386,Tekken 4,PS2,Fighting,Namco Bandai Games,1.55,1.27,0.33,0.29,3.44
393,FIFA Soccer 2003,PS2,Sports,Electronic Arts,0.46,2.28,0.05,0.61,3.4
404,James Bond 007: Nightfire,PS2,Shooter,Electronic Arts,1.45,1.29,0.12,0.46,3.33
405,Ratchet & Clank,PS2,Platform,Sony Computer Entertainment,1.44,1.01,0.57,0.3,3.33
451,Dragon Ball Z: Budokai,PS2,Fighting,Atari,2.17,0.28,0.55,0.08,3.09
457,The Sims: Vacation,PC,Simulation,Electronic Arts,1.72,1.21,0,0.14,3.07
465,Tom Clancy's Splinter Cell,XB,Action,Ubisoft,1.85,1.04,0,0.13,3.02
467,WWE SmackDown! Shut Your Mouth,PS2,Sports,THQ,1.45,1.13,0.07,0.38,3.02
475,World Soccer Winning Eleven 6 International,PS2,Sports,Konami Digital Entertainment,0.12,1.26,1.16,0.45,2.99
483,Hitman 2: Silent Assassin,PS2,Action,Eidos Interactive,1.36,1.15,0.04,0.41,2.96
493,Super Mario World 2: Yoshi's Island,GBA,Platform,Nintendo,1.75,0.45,0.62,0.09,2.91
508,The Elder Scrolls III: Morrowind,XB,Role-Playing,Ubisoft,2.09,0.63,0.03,0.11,2.86
519,WWE SmackDown! vs. Raw,PS2,Fighting,THQ,1.32,1.08,0.04,0.39,2.83
520,Metroid Prime,GC,Shooter,Nintendo,1.96,0.67,0.1,0.09,2.82
552,The Legend of Zelda: A Link to the Past,GBA,Action,Nintendo,1.75,0.52,0.33,0.1,2.7
587,Harry Potter and the Chamber of Secrets,PS2,Action,Electronic Arts,0.9,1.22,0.04,0.44,2.61
620,Mortal Kombat: Deadly Alliance,PS2,Fighting,Midway Games,1.81,0.52,0,0.15,2.49
627,Mario Party 4,GC,Misc,Nintendo,1.13,0.36,0.92,0.07,2.47
710,Kirby: Nightmare in Dream Land,GBA,Platform,Nintendo,1.22,0.1,0.91,0.04,2.27
716,Onimusha 2: Samurai's Destiny,PS2,Adventure,Capcom,0.62,0.44,1.06,0.13,2.25
749,ATV Offroad Fury 2,PS2,Racing,THQ,1.92,0.2,0,0.06,2.18
782,Need for Speed: Hot Pursuit 2,PS2,Racing,Electronic Arts,1.68,0.31,0.02,0.09,2.11
788,Scooby-Doo! Night of 100 Frights,PS2,Platform,THQ,1.17,0.72,0,0.22,2.1
789,Project Gotham Racing (JP weekly sales),XB,Action,Microsoft Game Studios,1.54,0.44,0.04,0.07,2.1
802,Tetris Worlds,PS2,Puzzle,THQ,1.11,0.71,0,0.27,2.08
810,Spec Ops: Airborne Commando,PS,Shooter,Take-Two Interactive,1.54,0.46,0,0.08,2.07
827,Sonic Mega Collection,GC,Misc,Infogrames,1.47,0.48,0.05,0.06,2.05
855,Harry Potter and the Chamber of Secrets,GBA,Action,Electronic Arts,1.21,0.64,0.05,0.09,1.99
856,Harry Potter and the Chamber of Secrets,PS,Action,Electronic Arts,0.75,1.09,0.02,0.12,1.98
862,Spyro: Enter the Dragonfly,PS2,Platform,Universal Interactive,0.74,0.95,0,0.28,1.97
885,Tom Clancy's Ghost Recon,PS2,Shooter,Ubisoft,1.42,0.4,0,0.12,1.94
921,Star Fox Adventures,GC,Adventure,Nintendo,0.96,0.53,0.3,0.09,1.87
962,Virtua Fighter 4,PS2,Fighting,Sega,0.78,0.44,0.56,0.04,1.81
965,Sonic Advance 2,GBA,Platform,Sega,0.93,0.59,0.21,0.07,1.8
996,Tom Clancy's Ghost Recon,XB,Shooter,Ubisoft,1.23,0.46,0,0.07,1.76
997,State of Emergency,PS2,Action,Take-Two Interactive,0.86,0.67,0,0.22,1.76
1017,Xenosaga Episode I: Der Wille zur Macht,PS2,Role-Playing,Namco Bandai Games,0.63,0.49,0.45,0.17,1.74
1032,Crash Bandicoot: The Huge Adventure,GBA,Platform,Universal Interactive,0.95,0.7,0,0.08,1.73
1070,Dragon Ball Z: The Legacy of Goku,GBA,Role-Playing,Infogrames,1.52,0.12,0,0.05,1.69
1083,Metroid Fusion,GBA,Action,Nintendo,1.18,0.27,0.17,0.06,1.68
1106,NBA Live 2003,PS2,Sports,Electronic Arts,1.25,0.15,0.03,0.22,1.66
1120,Tiger Woods PGA Tour 2003,PS2,Sports,Electronic Arts,0.8,0.63,0,0.21,1.64
1181,Spyro 2: Season of Flame,GBA,Platform,Vivendi Games,0.85,0.65,0,0.08,1.58
1184,Conflict: Desert Storm,PS2,Shooter,Gotham Games,0.98,0.53,0,0.06,1.57
1198,Stuntman,PS2,Racing,Atari,0.76,0.59,0,0.2,1.55
1233,The Simpsons Skateboarding,PS2,Sports,Electronic Arts,0.36,0.9,0,0.27,1.52
1241,Super Monkey Ball 2,GC,Puzzle,Atari,1.11,0.31,0.06,0.04,1.52
1242,Pac-Man World 2,PS2,Action,Namco Bandai Games,1.26,0.05,0,0.21,1.51
1258,Red Faction II,PS2,Shooter,THQ,0.49,0.78,0,0.23,1.5
1270,Medal of Honor: Frontline,XB,Shooter,Electronic Arts,1,0.43,0,0.06,1.49
1346,NCAA Football 2003,PS2,Sports,Electronic Arts,1.16,0.08,0,0.19,1.44
1356,Cabela's Big Game Hunter,PS2,Sports,Activision,0.7,0.54,0,0.18,1.42
1365,Resident Evil (Remake),GC,Action,Capcom,0.63,0.38,0.35,0.05,1.42
1382,Spider-Man: The Movie,XB,Action,Activision,1.07,0.28,0,0.05,1.4
1389,Colin McRae Rally 3,PS2,Racing,Codemasters,0.03,1.05,0.02,0.3,1.4
1434,Dead to Rights,PS2,Shooter,Electronic Arts,0.67,0.52,0,0.17,1.36
1457,Test Drive,PS2,Racing,Atari,0.95,0.21,0.01,0.18,1.34
1473,Spider-Man: The Movie,GBA,Action,Activision,0.92,0.35,0.01,0.05,1.33
1493,NFL 2K3,PS2,Sports,Atari,1.06,0.08,0,0.18,1.32
1502,IHRA Drag Racing 2,PS2,Racing,Bethesda Softworks,0.64,0.5,0,0.17,1.31
1511,Turok: Evolution,PS2,Shooter,Acclaim Entertainment,0.64,0.5,0,0.17,1.31
1516,Yu-Gi-Oh! The Sacred Cards,GBA,Role-Playing,Konami Digital Entertainment,0.94,0.35,0,0.02,1.3
1529,Mega Man Battle Network 3 Blue / White Version,GBA,Role-Playing,Capcom,0.39,0.02,0.85,0.03,1.29
1531,Resident Evil Zero,GC,Action,Capcom,0.54,0.27,0.45,0.04,1.29
1565,.hack//Infection Part 1,PS2,Role-Playing,Atari,0.49,0.38,0.26,0.13,1.27
1595,RollerCoaster Tycoon 2,PC,Strategy,Atari,1.19,0.05,0,0,1.25
1616,Crash Bandicoot: The Wrath of Cortex,XB,Platform,Universal Interactive,0.59,0.57,0,0.07,1.23
1646,Golden Sun: The Lost Age,GBA,Role-Playing,Nintendo,0.61,0.27,0.27,0.07,1.22
1650,NBA 2K2,PS2,Sports,Sega,0.59,0.46,0.01,0.15,1.22
1657,Sly Cooper and the Thievius Raccoonus,PS2,Platform,Sony Computer Entertainment,1.03,0.14,0,0.04,1.21
1668,The Lord of the Rings: The Fellowship of the Ring,PS2,Action,Black Label Games,0.59,0.46,0,0.15,1.2
1693,SpongeBob SquarePants: Revenge of the Flying Dutchman,GBA,Platform,THQ,0.92,0.23,0,0.04,1.19
1701,Spider-Man: The Movie,GC,Action,Activision,0.86,0.27,0.01,0.04,1.19
1724,Ty the Tasmanian Tiger,PS2,Platform,Electronic Arts,0.57,0.45,0,0.15,1.17
1754,Yu-Gi-Oh! The Sacred Cards (American and Others sales),GBA,Role-Playing,Konami Digital Entertainment,0.84,0.27,0,0.05,1.16
1803,MechAssault,XB,Simulation,Microsoft Game Studios,1.01,0.1,0,0.03,1.13
1887,Star Wars: Bounty Hunter,PS2,Shooter,LucasArts,0.53,0.42,0,0.14,1.09
1897,SpongeBob SquarePants: Revenge of the Flying Dutchman,PS2,Platform,THQ,0.53,0.41,0,0.14,1.08
1900,Fisherman's Bass Club,PS2,Sports,Agetec,0.53,0.41,0,0.14,1.08
1915,Disney's Lilo & Stitch,GBA,Platform,Ubisoft,0.77,0.29,0,0.02,1.08
1942,Freekstyle,PS2,Racing,Electronic Arts,0.52,0.41,0,0.14,1.06
1963,Seek and Destroy,PS2,Racing,Play It,0.52,0.4,0,0.14,1.06
1978,NBA 2K3,PS2,Sports,Sega,0.51,0.4,0,0.13,1.05
2074,Dynasty Warriors 3: Xtreme Legends,PS2,Action,Tecmo Koei,0.13,0.1,0.74,0.03,1
2151,Dark Cloud 2,PS2,Role-Playing,Sony Computer Entertainment,0.38,0.25,0.26,0.07,0.96
2168,Shinobi,PS2,Platform,Sony Computer Entertainment,0.36,0.28,0.22,0.09,0.96
2169,Mortal Kombat: Deadly Alliance,XB,Fighting,Midway Games,0.77,0.15,0,0.04,0.96
2220,NHL 2003,PS2,Sports,Electronic Arts,0.46,0.36,0,0.12,0.93
2225,Tony Hawk's Pro Skater 4,XB,Sports,Activision,0.59,0.3,0,0.04,0.93
2277,Street Hoops,PS2,Sports,Activision,0.45,0.35,0,0.12,0.91
2281,Knockout Kings 2002,PS2,Sports,Electronic Arts,0.45,0.35,0,0.12,0.91
2296,Tiger Woods PGA Tour 2002,PS2,Sports,Electronic Arts,0.44,0.35,0,0.12,0.9
2315,James Bond 007: Agent Under Fire,XB,Shooter,Electronic Arts,0.65,0.22,0,0.03,0.9
2402,Conflict: Desert Storm,XB,Shooter,SCi,0.48,0.37,0,0.02,0.87
2403,Triple Play 2002,PS2,Sports,Electronic Arts,0.43,0.33,0,0.11,0.87
2418,Rocky,PS2,Fighting,Rage Software,0.42,0.33,0,0.11,0.86
2449,Burnout 2: Point of Impact,PS2,Racing,Acclaim Entertainment,0.42,0.32,0,0.11,0.85
2472,Big Mutha Truckers,PS2,Racing,Empire Interactive,0.41,0.32,0,0.11,0.84
2506,James Bond 007: Nightfire,XB,Shooter,Electronic Arts,0.58,0.22,0,0.03,0.82
2514,Need for Speed: Hot Pursuit 2,XB,Racing,Electronic Arts,0.68,0.11,0,0.03,0.82
2522,Rocket Power: Beach Bandits,PS2,Platform,THQ,0.4,0.31,0,0.1,0.82
2589,Need for Speed: Hot Pursuit 2,GC,Racing,Electronic Arts,0.68,0.09,0,0.02,0.8
2593,Tales of Destiny 2,PS2,Role-Playing,Namco Bandai Games,0,0,0.8,0,0.8
2633,Secret Agent Barbie: Royal Jewels Mission,GBA,Platform,Vivendi Games,0.56,0.21,0,0.01,0.78
2655,James Bond 007: Nightfire,GC,Shooter,Electronic Arts,0.6,0.16,0,0.02,0.78
2677,Star Wars Episode II: Attack of the Clones,GBA,Action,THQ,0.55,0.2,0,0.01,0.77
2685,All-Star Baseball 2003,PS2,Sports,Acclaim Entertainment,0.38,0.29,0,0.1,0.77
2686,Unlimited Saga,PS2,Role-Playing,Atari,0.1,0.08,0.56,0.03,0.77
2708,Taiko no Tatsujin: Tatakon de Dodon ga Don,PS2,Misc,Namco Bandai Games,0,0,0.76,0,0.76
2719,Marvel vs. Capcom 2: New Age of Heroes,PS2,Fighting,Capcom,0.31,0.24,0.13,0.08,0.76
2782,The Lord of the Rings: The Two Towers,GBA,Action,Electronic Arts,0.53,0.2,0,0.01,0.74
2787,Unreal Championship,XB,Shooter,Atari,0.59,0.12,0,0.03,0.74
2825,James Bond 007: Agent Under Fire,GC,Shooter,Electronic Arts,0.56,0.15,0,0.02,0.72
2836,Dead to Rights,XB,Shooter,Electronic Arts,0.53,0.17,0,0.03,0.72
2849,Super Monkey Ball Jr.,GBA,Puzzle,Atari,0.51,0.19,0,0.01,0.72
2859,The Lord of the Rings: The Two Towers,XB,Action,Electronic Arts,0.45,0.24,0,0.03,0.71
2860,Madden NFL 2003,XB,Sports,Electronic Arts,0.67,0.02,0,0.03,0.71
2869,Super Trucks Racing,PS2,Racing,Jester Interactive,0.35,0.27,0,0.09,0.71
2872,Godzilla: Destroy All Monsters Melee,GC,Fighting,Atari,0.55,0.14,0,0.02,0.71
2878,Yu-Gi-Oh! The Falsebound Kingdom,GC,Strategy,Konami Digital Entertainment,0.49,0.13,0.07,0.02,0.71
2881,Spyro: Enter the Dragonfly,GC,Platform,Universal Interactive,0.55,0.14,0,0.02,0.71
2936,TimeSplitters 2,PS2,Shooter,Eidos Interactive,0.34,0.27,0,0.09,0.7
2964,Harry Potter and the Chamber of Secrets,GC,Action,Electronic Arts,0.53,0.14,0,0.02,0.69
3004,.hack//Mutation Part 2,PS2,Role-Playing,Atari,0.23,0.18,0.2,0.06,0.68
3025,Armored Core 3,PS2,Simulation,Metro 3D,0.22,0.17,0.23,0.06,0.67
3062,NCAA March Madness 2003,PS2,Sports,Electronic Arts,0.32,0.25,0,0.08,0.66
3084,Shrek: Hassle at the Castle,GBA,Action,TDK Mediactive,0.47,0.17,0,0.01,0.66
3108,Monster Jam: Maximum Destruction,PS2,Racing,Ubisoft,0.32,0.25,0,0.08,0.65
3129,Super Robot Taisen Impact,PS2,Strategy,Banpresto,0,0,0.65,0,0.65
3163,TimeSplitters 2,XB,Shooter,Eidos Interactive,0.29,0.33,0,0.01,0.64
3170,Konami Collector's Series: Arcade Advanced,GBA,Misc,Konami Digital Entertainment,0.46,0.17,0,0.01,0.64
3194,FIFA Soccer 2003,XB,Sports,Electronic Arts,0.2,0.4,0,0.04,0.63
3215,Ape Escape 2,PS2,Platform,Sony Computer Entertainment,0.12,0.09,0.38,0.03,0.63
3237,Namco Museum,GC,Misc,Namco Bandai Games,0.48,0.13,0,0.02,0.63
3245,Wild ARMs 3,PS2,Role-Playing,Ubisoft,0.16,0.13,0.29,0.04,0.62
3290,NFL Fever 2003,XB,Sports,Microsoft Game Studios,0.46,0.13,0,0.02,0.61
3295,Robotech: Battlecry,PS2,Shooter,TDK Mediactive,0.3,0.23,0,0.08,0.61
3320,Madden NFL 2003,GBA,Sports,Electronic Arts,0.44,0.16,0,0.01,0.61
3330,Game & Watch Gallery 4,GBA,Misc,Nintendo,0.43,0.16,0,0.01,0.61
3367,From TV Animation One Piece: Grand Battle 2,PS,Fighting,Namco Bandai Games,0,0,0.56,0.04,0.6
3395,Medal of Honor: Frontline,GC,Shooter,Electronic Arts,0.46,0.12,0,0.02,0.59
3407,2002 FIFA World Cup,PS2,Sports,Electronic Arts,0.21,0.17,0.16,0.06,0.59
3409,Crash Bandicoot: The Wrath of Cortex,GC,Platform,Universal Interactive,0.46,0.12,0,0.02,0.59
3481,Contra: Shattered Soldier,PS2,Shooter,Konami Digital Entertainment,0.28,0.22,0,0.07,0.58
3492,Tony Hawk's Pro Skater 4,GC,Sports,Activision,0.45,0.12,0,0.02,0.58
3513,Tony Hawk's Pro Skater 4,GBA,Sports,Activision,0.41,0.15,0,0.01,0.57
3543,Jampack Summer 2002,PS2,Misc,Sony Computer Entertainment,0.28,0.22,0,0.07,0.57
3545,Wreckless: ThE YaKuza MisSiOns,XB,Racing,Activision,0.42,0.11,0.02,0.02,0.57
3549,SD Gundam G Generation Neo,PS2,Strategy,Namco Bandai Games,0,0,0.57,0,0.57
3551,RalliSport Challenge,XB,Racing,Microsoft Game Studios,0.39,0.16,0,0.02,0.57
3586,Backyard NFL Football,GBA,Sports,Infogrames,0.4,0.15,0,0.01,0.56
3605,Barbie Groovy Games,GBA,Misc,Universal Interactive,0.4,0.15,0,0.01,0.56
3607,Blinx: The Time Sweeper,XB,Platform,Microsoft Game Studios,0.39,0.15,0,0.02,0.56
3641,WWF Raw,XB,Fighting,THQ,0.4,0.13,0,0.02,0.55
3663,Tony Hawk's Pro Skater 3,XB,Sports,Activision,0.34,0.18,0,0.02,0.55
3664,Mega Man Zero,GBA,Platform,Capcom,0.22,0.08,0.24,0.01,0.55
3671,Soccer Tsuku 2002: J-League Pro Soccer Club o Tsukurou!,PS2,Sports,Sega,0,0,0.55,0,0.55
3681,Turok: Evolution,XB,Shooter,Acclaim Entertainment,0.39,0.14,0,0.02,0.55
3726,Dragon Quest Characters: Torneko no Daibouken 3: Fushigi no Dungeon,PS2,Role-Playing,Enix Corporation,0,0,0.54,0,0.54
3793,The Lord of the Rings: The Fellowship of the Ring,XB,Action,Universal Interactive,0.31,0.19,0,0.03,0.53
3810,The Lord of the Rings: The Two Towers,GC,Action,Electronic Arts,0.41,0.11,0,0.01,0.53
3839,Metal Gear Solid 2: Substance,PS2,Action,Konami Digital Entertainment,0.18,0.14,0.16,0.05,0.52
3841,NCAA Football 2003,XB,Sports,Electronic Arts,0.39,0.11,0,0.02,0.52
3869,Tony Hawk's Pro Skater 3,GBA,Sports,Activision,0.37,0.14,0,0.01,0.52
3875,NFL 2K3,XB,Sports,Sega,0.38,0.11,0,0.02,0.52
3877,Jampack Winter 2002,PS2,Misc,Sony Computer Entertainment,0.25,0.2,0,0.07,0.52
3879,Way of the Samurai,PS2,Action,Eidos Interactive,0.13,0.1,0.25,0.03,0.51
3889,HSX HyperSonic.Xtreme,PS2,Racing,Midas Interactive Entertainment,0.25,0.2,0,0.07,0.51
3918,Disney's Kim Possible: Revenge of Monkey Fist,GBA,Platform,THQ,0.37,0.14,0,0.01,0.51
3946,Monopoly Party,PS2,Misc,Infogrames,0.25,0.19,0,0.06,0.51
3969,Activision Anthology,PS2,Misc,Activision,0.25,0.19,0,0.06,0.5
3980,Star Wars: Jedi Starfighter,PS2,Simulation,Activision,0.24,0.19,0,0.06,0.5
3991,Star Wars: Clone Wars,PS2,Shooter,LucasArts,0.24,0.19,0,0.06,0.5
4013,Men in Black II: Alien Escape,PS2,Shooter,Infogrames,0.24,0.19,0,0.06,0.5
4033,WWE Wrestlemania X8,GC,Fighting,THQ,0.38,0.1,0,0.01,0.49
4068,Pac-Man World 2,XB,Action,Namco Bandai Games,0.36,0.11,0,0.02,0.49
4144,World of Outlaws: Sprint Cars 2002,PS2,Racing,Ignition Entertainment,0.23,0.18,0,0.06,0.48
4156,X-Men: Next Dimension,PS2,Fighting,Activision,0.23,0.18,0,0.06,0.47
4176,Densetsu no Stafi,GBA,Platform,Nintendo,0,0,0.46,0.01,0.47
4178,Hot Wheels Velocity X,PS2,Racing,THQ,0.23,0.18,0,0.06,0.47
4226,Mat Hoffman's Pro BMX 2,PS2,Sports,Activision,0.23,0.18,0,0.06,0.46
4233,Dragon Ball Z: Collectible Card Game,GBA,Misc,Infogrames,0.33,0.12,0,0.01,0.46
4240,Rygar: The Legendary Adventure,PS2,Action,Wanadoo,0.2,0.15,0.06,0.05,0.46
4245,Stuart Little 2,GBA,Platform,Activision,0.33,0.12,0,0.01,0.46
4270,The Mark of Kri,PS2,Action,Sony Computer Entertainment,0.22,0.18,0,0.06,0.46
4282,Momotarou Dentetsu 11,PS2,Misc,Hudson Soft,0,0,0.46,0,0.46
4296,.hack//Outbreak Part 3,PS2,Role-Playing,Atari,0.14,0.11,0.17,0.04,0.46
4326,Phantasy Star Online Episode I & II,GC,Role-Playing,Infogrames,0.23,0.06,0.16,0.01,0.45
4328,The Powerpuff Girls: Relish Rampage,PS2,Action,BAM! Entertainment,0.22,0.17,0,0.06,0.45
4400,Sled Storm,PS2,Racing,Electronic Arts,0.22,0.17,0,0.06,0.45
4421,The Thing,PS2,Adventure,Vivendi Games,0.22,0.17,0,0.06,0.44
4434,Tiger Woods PGA Tour 2003,XB,Sports,Electronic Arts,0.35,0.08,0,0.01,0.44
4465,Jikkyou Powerful Pro Yakyuu 9,PS2,Sports,Konami Digital Entertainment,0,0,0.44,0,0.44
4476,TimeSplitters 2,GC,Shooter,Eidos Interactive,0.34,0.09,0,0.01,0.44
4479,Eternal Darkness: Sanity's Requiem,GC,Adventure,Nintendo,0.34,0.09,0,0.01,0.44
4487,NFL Blitz 20-03,PS2,Sports,Midway Games,0.21,0.17,0,0.06,0.44
4492,Star Wars: Jedi Starfighter,XB,Simulation,Activision,0.35,0.07,0,0.02,0.44
4522,The Powerpuff Girls: Him and Seek,GBA,Platform,BAM! Entertainment,0.31,0.11,0,0.01,0.43
4552,Madden NFL 2003,GC,Sports,Electronic Arts,0.33,0.09,0,0.01,0.43
4555,Backyard Baseball,GBA,Sports,Atari,0.31,0.11,0,0.01,0.43
4571,NBA Street,GC,Sports,Electronic Arts,0.33,0.09,0,0.01,0.42
4607,Superman: Shadow of Apokolips,PS2,Action,Atari,0.21,0.16,0,0.05,0.42
4619,Test Drive,XB,Racing,Atari,0.35,0.05,0,0.02,0.42
4647,BloodRayne,PS2,Shooter,Universal Interactive,0.2,0.16,0,0.05,0.42
4707,Jimmy Neutron: Boy Genius,PS2,Platform,THQ,0.2,0.16,0,0.05,0.41
4723,Boku no Natsuyasumi 2: Umi no Bouken Hen,PS2,Adventure,Sony Computer Entertainment,0,0,0.41,0,0.41
4733,The Terminator: Dawn of Fate,PS2,Action,Atari,0.2,0.16,0,0.05,0.41
4751,Mortal Kombat: Deadly Alliance,GC,Fighting,Midway Games,0.31,0.08,0,0.01,0.41
4779,Minority Report: Everybody Runs,PS2,Action,Activision,0.2,0.15,0,0.05,0.41
4798,Defender,PS2,Misc,Midway Games,0.2,0.15,0,0.05,0.4
4861,Star Wars: Clone Wars,GC,Shooter,Activision,0.31,0.08,0,0.01,0.4
4897,Mobile Suit Gundam: Lost War Chronicles,PS2,Shooter,Namco Bandai Games,0,0,0.39,0,0.39
4902,The House of The Dead III,XB,Shooter,Sega,0.29,0.08,0,0.01,0.39
4904,Fire Emblem: Fuuin no Tsurugi,GBA,Role-Playing,Nintendo,0,0,0.39,0,0.39
4942,Blood Omen 2,PS2,Action,Eidos Interactive,0.19,0.15,0,0.05,0.39
4963,Auto Modellista,PS2,Racing,Capcom,0.19,0.15,0,0.05,0.39
5003,Turok: Evolution,GC,Shooter,Acclaim Entertainment,0.3,0.08,0,0.01,0.38
5006,Mobile Suit Gundam: Giren no Yabou Zeon Dokuritsu Sensouden,PS2,Strategy,Namco Bandai Games,0,0,0.38,0,0.38
5007,Ice Age,GBA,Action,Ubisoft,0.27,0.1,0,0.01,0.38
5009,Headhunter,PS2,Action,Sega,0.19,0.15,0,0.05,0.38
5033,Grandia Xtreme,PS2,Role-Playing,Enix Corporation,0.07,0.05,0.25,0.02,0.38
5047,Hunter: The Reckoning,XB,Action,Interplay,0.28,0.08,0,0.01,0.38
5100,NBA Inside Drive 2002,XB,Sports,Microsoft Game Studios,0.28,0.08,0,0.01,0.37
5110,"Monsters, Inc. Scream Arena",GC,Platform,THQ,0.29,0.07,0,0.01,0.37
5115,High Heat Major League Baseball 2003,PS2,Sports,3DO,0.18,0.14,0,0.05,0.37
5135,Pac-Man World 2,GC,Action,Nintendo,0.28,0.07,0,0.01,0.37
5177,Kamaitachi no Yoru 2,PS2,Adventure,ChunSoft,0,0,0.36,0,0.36
5193,Hamtaro: Ham-Ham Heartbreak,GBA,Action,Nintendo,0.26,0.1,0,0.01,0.36
5218,Hamster Club 3,GBA,Simulation,Jorudan,0,0,0.35,0.01,0.36
5250,Harry Potter and the Chamber of Secrets,XB,Action,Electronic Arts,0.27,0.08,0,0.01,0.36
5285,Disney's Tarzan: Return to the Jungle,GBA,Action,Activision,0.25,0.09,0,0.01,0.35
5322,Guilty Gear X2,PS2,Fighting,Sammy Corporation,0.09,0.07,0.16,0.02,0.35
5329,Aggressive Inline,PS2,Sports,Acclaim Entertainment,0.17,0.13,0,0.04,0.35
5341,Rugrats: Royal Ransom,PS2,Platform,THQ,0.17,0.13,0,0.04,0.35
5356,The Wild Thornberrys Movie,GBA,Platform,THQ,0.25,0.09,0,0.01,0.34
5369,Driver 2 Advance,GBA,Action,Atari,0.25,0.09,0,0.01,0.34
5417,Spy Hunter,XB,Racing,Midway Games,0.25,0.07,0,0.01,0.34
5479,Disney's Treasure Planet,PS2,Action,Sony Computer Entertainment,0.16,0.13,0,0.04,0.33
5488,Kelly Slater's Pro Surfer,PS2,Sports,Activision,0.16,0.13,0,0.04,0.33
5491,Legends of Wrestling II,PS2,Fighting,Acclaim Entertainment,0.16,0.13,0,0.04,0.33
5518,Clock Tower 3,PS2,Adventure,Capcom,0.1,0.08,0.12,0.03,0.33
5604,Dragon Quest Monsters 1·2,PS,Role-Playing,Enix Corporation,0,0,0.3,0.02,0.32
5650,Ultimate Fighting Championship: Throwdown,PS2,Fighting,Ubisoft,0.16,0.12,0,0.04,0.32
5658,"Ed, Edd n Eddy: Jawbreakers!",GBA,Adventure,BAM! Entertainment,0.23,0.08,0,0.01,0.32
5665,NBA 2K3,XB,Sports,Sega,0.24,0.07,0,0.01,0.32
5670,Sega Smash Pack,GBA,Misc,Atari,0.23,0.08,0,0.01,0.32
5689,"Monsters, Inc.",PS2,Adventure,Sony Computer Entertainment,0.15,0.12,0,0.04,0.32
5696,Shenmue II,XB,Adventure,Microsoft Game Studios,0.22,0.08,0,0.01,0.32
5723,NBA Inside Drive 2003,XB,Sports,Microsoft Game Studios,0.23,0.07,0,0.01,0.31
5773,Mega Man Battle Network 2,GBA,Action,Ubisoft,0.22,0.08,0,0.01,0.31
5789,NASCAR Thunder 2003,GC,Racing,Electronic Arts,0.24,0.06,0,0.01,0.31
5794,Star Wars Racer Revenge,PS2,Racing,LucasArts,0.15,0.12,0,0.04,0.31
5803,Blade II,PS2,Action,Activision,0.15,0.12,0,0.04,0.31
5813,Bruce Lee: Quest of the Dragon,XB,Fighting,Universal Interactive,0.23,0.07,0,0.01,0.31
5817,Disney's Stitch: Experiment 626,PS2,Action,Sony Computer Entertainment,0.15,0.12,0,0.04,0.31
5827,Shrek Swamp Kart Speedway,GBA,Racing,TDK Mediactive,0.22,0.08,0,0.01,0.3
5847,Burnout,GC,Racing,Acclaim Entertainment,0.23,0.06,0,0.01,0.3
5881,Romance of the Three Kingdoms VIII,PS2,Strategy,Tecmo Koei,0.05,0.04,0.19,0.01,0.3
5939,Spirit: Stallion of the Cimarron,GBA,Platform,THQ,0.21,0.08,0,0.01,0.3
5956,Scooby-Doo! Night of 100 Frights,GC,Platform,THQ,0.23,0.06,0,0.01,0.3
5960,Grandia II,PS2,Role-Playing,Ubisoft,0.14,0.11,0,0.04,0.29
5971,Power Pro Kun Pocket 4,GBA,Sports,Konami Digital Entertainment,0,0,0.29,0.01,0.29
5977,Outlaw Golf,XB,Sports,TDK Mediactive,0.22,0.06,0,0.01,0.29
5981,Lupin the 3rd: Treasure of the Sorcerer King,PS2,Adventure,505 Games,0.02,0.02,0.25,0.01,0.29
6007,From TV Animation One Piece: Treasure Battle!,GC,Fighting,Namco Bandai Games,0,0,0.28,0.01,0.29
6059,Shrek Super Party,PS2,Misc,TDK Mediactive,0.14,0.11,0,0.04,0.29
6060,"Sakura Wars 4: Koi Seyo,Otome",DC,Adventure,Sega,0,0,0.29,0,0.29
6062,Dynasty Tactics,PS2,Strategy,Tecmo Koei,0.06,0.05,0.16,0.02,0.29
6128,Street Hoops,XB,Sports,Activision,0.21,0.06,0,0.01,0.28
6152,Arcade Hits: Frisky Tom,PS,Action,Hamster Corporation,0.16,0.11,0,0.02,0.28
6160,Godzilla: Domination!,GBA,Fighting,Atari,0.2,0.07,0,0.01,0.28
6164,Jissen Pachi-Slot Hisshouhou! Moujuu-Oh S,PS2,Misc,Sammy Corporation,0,0,0.28,0,0.28
6169,Rocket Power: Beach Bandits,GBA,Platform,THQ,0.2,0.07,0,0.01,0.28
6172,MX SuperFly featuring Ricky Carmichael,PS2,Racing,THQ,0.14,0.11,0,0.04,0.28
6189,Disney's Treasure Planet,GBA,Action,Ubisoft,0.2,0.07,0,0.01,0.28
6193,NFL Blitz 20-02,PS2,Sports,Midway Games,0.14,0.11,0,0.04,0.28
6211,NHL Hitz 20-03,PS2,Sports,Midway Games,0.14,0.11,0,0.04,0.28
6251,Myst III: Exile,PS2,Adventure,Ubisoft,0.14,0.11,0,0.04,0.28
6275,Motocross Maniacs Advance,GBA,Racing,Konami Digital Entertainment,0.2,0.07,0,0,0.27
6306,Pro Race Driver,PS2,Racing,Codemasters,0.13,0.1,0,0.03,0.27
6313,NickToons: Racing,GBA,Racing,Infogrames,0.19,0.07,0,0,0.27
6330,Ty the Tasmanian Tiger,GC,Platform,Electronic Arts,0.21,0.05,0,0.01,0.27
6332,Yu-Gi-Oh! The Sacred Cards (JP weekly sales),GBA,Role-Playing,Konami Digital Entertainment,0,0,0.26,0.01,0.27
6333,WWE Road to WrestleMania X8,GBA,Fighting,THQ,0.19,0.07,0,0,0.27
6376,NASCAR Thunder 2003,XB,Racing,Electronic Arts,0.2,0.06,0,0.01,0.27
6389,Reign of Fire,PS2,Shooter,BAM! Entertainment,0.13,0.1,0,0.03,0.27
6406,Knockout Kings 2002,XB,Sports,Electronic Arts,0.2,0.06,0,0.01,0.27
6443,Lowrider,PS2,Misc,Pacific Century Cyber Works,0.11,0.09,0.03,0.03,0.26
6446,Dungeons & Dragons: Eye of the Beholder,GBA,Role-Playing,Atari,0.19,0.07,0,0,0.26
6457,Panzer Dragoon Orta,XB,Shooter,Sega,0.16,0.05,0.04,0.01,0.26
6474,Rugrats: I Gotta Go Party,GBA,Action,THQ,0.19,0.07,0,0,0.26
6488,The Adventures of Jimmy Neutron Boy Genius vs. Jimmy Negatron,GBA,Action,THQ,0.19,0.07,0,0,0.26
6492,Hey Arnold! The Movie,GBA,Platform,THQ,0.19,0.07,0,0,0.26
6500,Star Wars: Bounty Hunter,GC,Shooter,LucasArts,0.2,0.05,0,0.01,0.26
6501,Tom and Jerry in War of the Whiskers,PS2,Fighting,Ubisoft,0.13,0.1,0,0.03,0.26
6515,Riding Spirits,PS2,Racing,BAM! Entertainment,0.13,0.1,0,0.03,0.26
6530,Evolution Skateboarding,PS2,Sports,Konami Digital Entertainment,0.13,0.1,0,0.03,0.26
6531,Dora the Explorer: The Search for Pirate Pig's Treasure,GBA,Adventure,NewKidCo,0.19,0.07,0,0,0.26
6573,Drakan: The Ancients' Gates,PS2,Adventure,Sony Computer Entertainment,0.13,0.1,0,0.03,0.26
6582,Bionicle: Matoran Adventures,GBA,Platform,Electronic Arts,0.18,0.07,0,0,0.26
6589,ATV: Quad Power Racing,GBA,Racing,Liquid Games,0.18,0.07,0,0,0.26
6592,Backyard NFL Football,GC,Sports,Infogrames,0.2,0.05,0,0.01,0.26
6593,All-Star Baseball 2003,XB,Sports,Acclaim Entertainment,0.19,0.06,0,0.01,0.26
6601,Super Robot Taisen R,GBA,Strategy,Banpresto,0,0,0.25,0.01,0.26
6602,Castlevania: Harmony of Dissonance,GBA,Platform,Konami Digital Entertainment,0.16,0.06,0.04,0,0.26
6622,Bomberman Generation,GC,Adventure,Vivendi Games,0.15,0.04,0.06,0.01,0.25
6638,Triple Play 2002,XB,Sports,Electronic Arts,0.19,0.05,0,0.01,0.25
6641,Spy Kids Challenger,GBA,Platform,Disney Interactive Studios,0.18,0.07,0,0,0.25
6672,WipEout Fusion,PS2,Racing,Sony Computer Entertainment,0.12,0.1,0,0.03,0.25
6718,Medabots AX: Metabee,GBA,Role-Playing,Natsume,0.18,0.07,0,0,0.25
6719,Tennis no Oji-Sama: Genius Boys Academy,GBA,Sports,Konami Digital Entertainment,0,0,0.24,0.01,0.25
6723,Netsu Chu! Pro Yakyuu 2002,PS2,Sports,Namco Bandai Games,0,0,0.25,0,0.25
6754,Nickelodeon Party Blast,GC,Misc,Atari,0.19,0.05,0,0.01,0.25
6759,Butt Ugly Martians: B.K.M. Battles,GBA,Action,Vivendi Games,0.18,0.07,0,0,0.25
6765,NBA Courtside 2002,GC,Sports,Nintendo,0.19,0.05,0,0.01,0.25
6799,Britney's Dance Beat,PS2,Misc,THQ,0.12,0.09,0,0.03,0.24
6815,Genma Onimusha,XB,Action,Capcom,0.14,0.04,0.05,0.01,0.24
6876,NCAA College Basketball 2K3,PS2,Sports,Sega,0.12,0.09,0,0.03,0.24
6904,XS Airboat Racing,PS,Racing,XS Games,0.13,0.09,0,0.02,0.24
6973,Buffy the Vampire Slayer,XB,Action,Electronic Arts,0.18,0.05,0,0.01,0.23
6992,World Series Baseball,XB,Sports,Sega,0.17,0.05,0,0.01,0.23
7003,The Scorpion King: Rise of the Akkadian,PS2,Action,Universal Interactive,0.11,0.09,0,0.03,0.23
7010,Star Wars Jedi Knight II: Jedi Outcast,GC,Shooter,Activision,0.18,0.05,0,0.01,0.23
7020,NCAA GameBreaker 2003,PS2,Sports,Sony Computer Entertainment,0.11,0.09,0,0.03,0.23
7025,Rocket Power: Beach Bandits,GC,Platform,THQ,0.18,0.05,0,0.01,0.23
7058,Mega Man & Bass,GBA,Platform,Capcom,0.16,0.06,0,0,0.23
7099,Tiger Woods PGA Tour 2003,GC,Sports,Electronic Arts,0.18,0.05,0,0.01,0.23
7123,NBA ShootOut 2003,PS2,Sports,Sony Computer Entertainment,0.11,0.09,0,0.03,0.23
7128,NHL FaceOff 2003,PS2,Sports,Sony Computer Entertainment,0.11,0.09,0,0.03,0.23
7136,Legion: The Legend of Excalibur,PS2,Action,Midway Games,0.11,0.09,0,0.03,0.22
7160,Whirl Tour,PS2,Sports,Crave Entertainment,0.11,0.09,0,0.03,0.22
7167,Skies of Arcadia Legends,GC,Role-Playing,Atari,0.17,0.04,0,0.01,0.22
7194,Dino Stalker,PS2,Shooter,Capcom,0.07,0.06,0.08,0.02,0.22
7223,Tetris Worlds,GC,Puzzle,THQ,0.17,0.04,0,0.01,0.22
7235,Mary-Kate and Ashley: Sweet 16 - Licenced to Drive,PS2,Misc,Acclaim Entertainment,0.11,0.08,0,0.03,0.22
7241,Nickelodeon Party Blast,XB,Misc,Infogrames,0.16,0.05,0,0.01,0.22
7272,Disney's Magical Quest Starring Mickey and Minnie,GBA,Action,Nintendo,0.16,0.06,0,0,0.22
7278,Wreckless: ThE YaKuza MisSiOns,PS2,Racing,Activision,0.11,0.08,0,0.03,0.22
7281,NFL 2K3,GC,Sports,Sega,0.17,0.04,0,0.01,0.22
7299,Britney's Dance Beat,GBA,Misc,THQ,0.15,0.06,0,0,0.22
7306,Herdy Gerdy,PS2,Adventure,Eidos Interactive,0.11,0.08,0,0.03,0.22
7333,Disaster Report,PS2,Action,Agetec,0.03,0.02,0.15,0.01,0.21
7352,Robotech: The Macross Saga,GBA,Shooter,TDK Mediactive,0.15,0.06,0,0,0.21
7356,Conflict Zone,PS2,Strategy,Ubisoft,0.1,0.08,0,0.03,0.21
7360,BloodRayne,XB,Shooter,Universal Interactive,0.16,0.05,0,0.01,0.21
7405,Summoner 2,PS2,Role-Playing,THQ,0.1,0.08,0,0.03,0.21
7406,The Land Before Time: Big Water Adventure,PS,Platform,TDK Mediactive,0.12,0.08,0,0.01,0.21
7432,Deus Ex: The Conspiracy,PS2,Action,Eidos Interactive,0.1,0.08,0,0.03,0.21
7443,JSRF: Jet Set Radio Future,XB,Action,Sega,0.13,0.04,0.03,0.01,0.21
7446,NCAA Football 2003,GC,Sports,Electronic Arts,0.16,0.04,0,0.01,0.21
7464,NHL 2003,XB,Sports,Electronic Arts,0.15,0.04,0,0.01,0.21
7470,NHL 2K3,PS2,Sports,Sega,0.1,0.08,0,0.03,0.21
7479,Gallop Racer 2003: A New Breed,PS2,Sports,Zoo Digital Publishing,0.04,0.03,0.12,0.01,0.21
7481,BeyBlade VForce: Super Tournament Battle,GC,Action,Atari,0.16,0.04,0,0.01,0.21
7495,Power Rangers: Wild Force,GBA,Action,THQ,0.15,0.05,0,0,0.21
7502,Mary-Kate and Ashley: Girls Night Out,GBA,Misc,Acclaim Entertainment,0.15,0.05,0,0,0.2
7529,Crazy Taxi 3: High Roller,XB,Racing,Sega,0.14,0.04,0.02,0.01,0.2
7556,MLB SlugFest 20-03,XB,Sports,Midway Games,0.15,0.04,0,0.01,0.2
7581,NBA 2K2,XB,Sports,Sega,0.15,0.04,0,0.01,0.2
7587,Spy Hunter,GC,Racing,Midway Games,0.16,0.04,0,0.01,0.2
7635,Jissen Pachi-Slot Hisshouhou! Aladdin A,PS2,Misc,Sammy Corporation,0,0,0.2,0,0.2
7645,Mat Hoffman's Pro BMX 2,XB,Sports,Activision,0.15,0.04,0,0.01,0.2
7675,SpongeBob SquarePants: Revenge of the Flying Dutchman,GC,Platform,THQ,0.15,0.04,0,0.01,0.2
7694,Looney Tunes: Space Race,PS2,Racing,Infogrames,0.1,0.08,0,0.03,0.2
7702,Shaman King: Spirit of Shamans,PS,Action,Namco Bandai Games,0,0,0.18,0.01,0.2
7706,The Fairly Odd Parents: Enter the Cleft,GBA,Platform,THQ,0.14,0.05,0,0,0.2
7709,The Thing,XB,Adventure,Vivendi Games,0.15,0.04,0,0.01,0.2
7716,Baldur's Gate: Dark Alliance,XB,Role-Playing,Virgin Interactive,0.15,0.04,0,0.01,0.2
7719,UFC: Tapout,XB,Fighting,Crave Entertainment,0.14,0.05,0,0.01,0.2
7735,Dexter's Lab Chess Challenge,GBA,Misc,BAM! Entertainment,0.14,0.05,0,0,0.2
7741,Big Mutha Truckers,XB,Racing,Empire Interactive,0.15,0.04,0,0.01,0.19
7767,Dinotopia: The Timestone Pirates,GBA,Action,TDK Core,0.14,0.05,0,0,0.19
7775,NCAA Final Four 2003,PS2,Sports,Sony Computer Entertainment,0.09,0.07,0,0.02,0.19
7791,Breath of Fire: Dragon Quarter,PS2,Role-Playing,Capcom,0.09,0.07,0,0.02,0.19
7803,Disney's Magical Mirror Starring Mickey Mouse,GC,Adventure,Nintendo,0.15,0.04,0,0.01,0.19
7818,Tales of the World: Narikiri Dungeon 2,GBA,Role-Playing,Namco Bandai Games,0,0,0.19,0,0.19
7849,2002 FIFA World Cup,XB,Sports,Electronic Arts,0.14,0.04,0,0.01,0.19
7855,Frogger's Adventures 2: The Lost Wand,GBA,Adventure,Konami Digital Entertainment,0.14,0.05,0,0,0.19
7877,SSX Tricky,GBA,Sports,Electronic Arts,0.14,0.05,0,0,0.19
7886,Lunar Legend,GBA,Role-Playing,Media Rings,0.14,0.05,0,0,0.19
7898,Gungrave,PS2,Shooter,Activision,0.09,0.07,0,0.02,0.19
7900,Transworld Surf,PS2,Sports,Atari,0.09,0.07,0,0.02,0.19
7958,The Scorpion King: Sword of Osiris,GBA,Action,Vivendi Games,0.13,0.05,0,0,0.19
7968,Sega GT 2002,XB,Racing,Sega,0.12,0.03,0.03,0.01,0.19
7973,Blood Omen 2,XB,Action,Eidos Interactive,0.14,0.04,0,0.01,0.19
7983,La Pucelle: Tactics,PS2,Role-Playing,Tecmo Koei,0.09,0.07,0,0.02,0.19
7989,Star Wars: The Clone Wars & Tetris Worlds,XB,Misc,Microsoft Game Studios,0.14,0.04,0,0.01,0.19
8020,Ty the Tasmanian Tiger,XB,Platform,Electronic Arts,0.14,0.04,0,0.01,0.18
8047,Monopoly Party,XB,Misc,Infogrames,0.14,0.04,0,0.01,0.18
8056,Atari Anniversary Advance,GBA,Misc,Atari,0.13,0.05,0,0,0.18
8066,Bloody Roar: Primal Fury,GC,Fighting,Activision,0.14,0.04,0,0,0.18
8104,Gauntlet: Dark Legacy,GC,Action,Midway Games,0.14,0.04,0,0,0.18
8139,Commandos 2: Men of Courage,PS2,Strategy,Eidos Interactive,0.09,0.07,0,0.02,0.18
8149,Fireblade,PS2,Action,Midway Games,0.09,0.07,0,0.02,0.18
8166,K-1 World Grand Prix,PS2,Sports,Konami Digital Entertainment,0.04,0.03,0.1,0.01,0.18
8173,Virtua Tennis,GBA,Sports,Atari,0.13,0.05,0,0,0.18
8203,NFL 2K2,XB,Sports,Sega,0.13,0.04,0,0.01,0.18
8224,SEGA Bass Fishing Duel,PS2,Sports,Sega,0.09,0.07,0,0.02,0.17
8229,Mark Davis Pro Bass Challenge,PS2,Sports,Natsume,0.09,0.07,0,0.02,0.17
8230,Rugrats: Royal Ransom,GC,Platform,THQ,0.13,0.03,0,0,0.17
8245,Smash Court Tennis Pro Tournament,PS2,Sports,Sony Computer Entertainment,0.08,0.07,0,0.02,0.17
8385,Shrek Extra Large,GC,Platform,TDK Mediactive,0.13,0.03,0,0,0.17
8388,Gunvalkyrie,XB,Shooter,Infogrames,0.13,0.04,0,0.01,0.17
8396,Disney Golf,PS2,Sports,Electronic Arts,0.07,0.06,0.02,0.02,0.17
8415,Gauntlet: Dark Legacy,XB,Action,Midway Games,0.13,0.04,0,0.01,0.17
8418,Lost Kingdoms,GC,Role-Playing,Activision,0.1,0.02,0.04,0,0.17
8421,Matchbox Cross Town Heroes,GBA,Racing,THQ,0.12,0.04,0,0,0.17
8422,Wolfenstein 3D,GBA,Shooter,BAM! Entertainment,0.12,0.04,0,0,0.17
8452,Cubivore: Survival of the Fittest,GC,Adventure,Nintendo,0.01,0,0.15,0,0.17
8465,Taz Wanted,PS2,Platform,Atari,0.08,0.06,0,0.02,0.16
8471,PoPoLoCrois: Hajimari no Bouken,PS2,Role-Playing,Sony Computer Entertainment,0,0,0.16,0,0.16
8474,Hot Wheels Velocity X,GBA,Racing,THQ,0.12,0.04,0,0,0.16
8495,Robotech: Battlecry,GC,Shooter,TDK Mediactive,0.13,0.03,0,0,0.16
8497,Zapper: One Wicked Cricket!,PS2,Platform,Infogrames,0.08,0.06,0,0.02,0.16
8540,Dr. Muto,PS2,Platform,Midway Games,0.08,0.06,0,0.02,0.16
8548,Shadow Man: 2econd Coming,PS2,Adventure,Acclaim Entertainment,0.08,0.06,0,0.02,0.16
8562,Silent Scope 3,PS2,Shooter,Konami Digital Entertainment,0.08,0.06,0,0.02,0.16
8564,NASCAR Heat 2002,GBA,Racing,Infogrames,0.12,0.04,0,0,0.16
8688,NBA 2K3,GC,Sports,Sega,0.12,0.03,0,0,0.16
8710,He-Man: Power of Grayskull,GBA,Action,TDK Mediactive,0.11,0.04,0,0,0.16
8717,Mat Hoffman's Pro BMX 2,GBA,Sports,Activision,0.11,0.04,0,0,0.16
8750,Knockout Kings 2003,GC,Sports,Electronic Arts,0.12,0.03,0,0,0.15
8771,The Terminator: Dawn of Fate,XB,Action,Atari,0.11,0.03,0,0.01,0.15
8818,Serious Sam,XB,Shooter,Take-Two Interactive,0.11,0.03,0,0.01,0.15
8853,Top Gun: Combat Zones,GC,Simulation,Titus,0.12,0.03,0,0,0.15
8868,All-Star Baseball 2003,GC,Sports,Acclaim Entertainment,0.12,0.03,0,0,0.15
8872,Rocky,XB,Fighting,Rage Software,0.11,0.03,0,0.01,0.15
8890,All-Star Baseball 2003,GBA,Sports,Acclaim Entertainment,0.11,0.04,0,0,0.15
8904,Street Fighter Alpha 3,GBA,Fighting,Capcom,0.11,0.04,0,0,0.15
8979,BMX XXX,PS2,Sports,Acclaim Entertainment,0.07,0.06,0,0.02,0.15
8994,MLB SlugFest 20-03,GC,Sports,Midway Games,0.11,0.03,0,0,0.15
9001,Barbarian,PS2,Fighting,Titus,0.07,0.06,0,0.02,0.14
9004,Tennis no Oji-Sama: Aim at The Victory!,GBA,Sports,Konami Digital Entertainment,0,0,0.14,0,0.14
9052,Doshin the Giant,GC,Simulation,Nintendo,0,0,0.14,0,0.14
9059,Kamen Rider Ryuki,PS,Action,Namco Bandai Games,0,0,0.13,0.01,0.14
9080,NCAA College Basketball 2K3,XB,Sports,Sega,0.11,0.03,0,0.01,0.14
9104,NFL Blitz 20-03,XB,Sports,Midway Games,0.11,0.03,0,0.01,0.14
9106,Pirates: The Legend of Black Kat,PS2,Adventure,Electronic Arts,0.07,0.05,0,0.02,0.14
9112,Zapper: One Wicked Cricket!,GBA,Platform,Infogrames,0.1,0.04,0,0,0.14
9121,Dead to Rights,GC,Shooter,Electronic Arts,0.11,0.03,0,0,0.14
9130,World Tour Soccer 2003,PS2,Sports,Sony Computer Entertainment,0.07,0.05,0,0.02,0.14
9156,Baldur's Gate: Dark Alliance,GC,Role-Playing,Virgin Interactive,0.11,0.03,0,0,0.14
9162,The Operative: No One Lives Forever,PS2,Shooter,Electronic Arts,0.07,0.05,0,0.02,0.14
9169,Ecco the Dolphin: Defender of the Future,PS2,Adventure,Sony Computer Entertainment,0.07,0.05,0,0.02,0.14
9176,Gyakuten Saiban 2,GBA,Action,Capcom,0,0,0.14,0,0.14
9180,Micro Machines,PS2,Racing,Atari,0.07,0.05,0,0.02,0.14
9191,Enclave,XB,Adventure,Swing! Entertainment,0.11,0.03,0,0.01,0.14
9197,NFL Blitz 20-03,GC,Sports,Midway Games,0.11,0.03,0,0,0.14
9219,Star Wars: Jedi Power Battles,GBA,Action,THQ,0.1,0.04,0,0,0.14
9220,Ultimate Muscle - The Kinnikuman Legacy: Legends vs New Generation,GC,Fighting,Namco Bandai Games,0.04,0.01,0.08,0,0.14
9236,Rayman Arena,GC,Racing,Ubisoft,0.11,0.03,0,0,0.14
9238,4x4 EVO 2,GC,Racing,Vivendi Games,0.11,0.03,0,0,0.14
9248,Shining Soul,GBA,Role-Playing,Atari,0.03,0.01,0.09,0,0.14
9261,Marvel vs. Capcom 2: New Age of Heroes,XB,Fighting,Capcom,0.09,0.03,0.01,0,0.14
9280,LEGO Island Xtreme Stunts,GBA,Racing,LEGO Media,0.1,0.04,0,0,0.14
9301,Tomb Raider: The Prophecy,GBA,Action,Ubisoft,0.1,0.04,0,0,0.14
9321,Salt Lake 2002,PS2,Sports,Eidos Interactive,0.07,0.05,0,0.02,0.14
9326,Legends of Wrestling,XB,Fighting,Acclaim Entertainment,0.1,0.03,0,0,0.14
9346,Bratz,GBA,Platform,Ubisoft,0.1,0.04,0,0,0.13
9353,Blade II,XB,Action,Activision,0.1,0.03,0,0,0.13
9355,Baseball Advance,GBA,Sports,Sega,0.1,0.04,0,0,0.13
9404,Superman: The Man of Steel,XB,Action,Atari,0.1,0.03,0,0,0.13
9409,NHL 2003,GC,Sports,Electronic Arts,0.1,0.03,0,0,0.13
9428,Frogger Beyond,GC,Platform,Konami Digital Entertainment,0.1,0.03,0,0,0.13
9429,RPG Maker II,PS2,Role-Playing,Enterbrain,0.06,0.05,0,0.02,0.13
9487,Shrek Super Party,XB,Misc,TDK Mediactive,0.1,0.03,0,0,0.13
9492,Rally Fusion: Race of Champions,PS2,Racing,Activision,0.06,0.05,0,0.02,0.13
9500,NightCaster,XB,Action,Microsoft Game Studios,0.1,0.03,0,0,0.13
9518,Warcraft III: Reign of Chaos,PC,Strategy,Vivendi Games,0.03,0.08,0,0.02,0.13
9526,Otogi: Myth of Demons,XB,Action,Sega,0.08,0.02,0.03,0,0.13
9560,Legends of Wrestling,GC,Fighting,Acclaim Entertainment,0.1,0.03,0,0,0.13
9581,Zapper: One Wicked Cricket!,GC,Platform,Infogrames,0.1,0.03,0,0,0.13
9589,Nobunaga no Yabou: Ranseiki,PS2,Strategy,Tecmo Koei,0,0,0.13,0,0.13
9590,Derby Stallion Advance,GBA,Sports,Enterbrain,0,0,0.12,0,0.13
9592,Monopoly Party,GC,Misc,Infogrames,0.1,0.03,0,0,0.13
9611,Kelly Slater's Pro Surfer,GBA,Sports,Activision,0.09,0.03,0,0,0.13
9613,Drome Racers,PS2,Racing,Electronic Arts,0.06,0.05,0,0.02,0.13
9614,X-Men: Next Dimension,GC,Fighting,Activision,0.1,0.03,0,0,0.13
9623,Burnout,XB,Racing,Acclaim Entertainment,0.09,0.03,0,0,0.13
9645,Quantum Redshift,XB,Racing,Microsoft Game Studios,0.09,0.03,0,0,0.13
9649,Legends of Wrestling II,XB,Fighting,Acclaim Entertainment,0.09,0.03,0,0,0.13
9656,World Soccer Winning Eleven 2002,PS,Sports,Konami Digital Entertainment,0,0,0.12,0.01,0.13
9692,Galidor: Defenders of the Outer Dimension,GBA,Action,Electronic Arts,0.09,0.03,0,0,0.12
9697,Pryzm Chapter One: The Dark Unicorn,PS2,Adventure,TDK Mediactive,0.06,0.05,0,0.02,0.12
9707,NHL 2002,GBA,Sports,Electronic Arts,0.09,0.03,0,0,0.12
9708,Disney's PK: Out of the Shadows,PS2,Platform,Ubisoft,0.06,0.05,0,0.02,0.12
9768,Chase: Hollywood Stunt Driver,XB,Racing,BAM! Entertainment,0.09,0.03,0,0,0.12
9826,Sega Soccer Slam,PS2,Sports,Sega,0.06,0.05,0,0.02,0.12
9879,NBA 2K2,GC,Sports,Sega,0.09,0.02,0,0,0.12
9886,Jeremy McGrath Supercross World,GC,Racing,Acclaim Entertainment,0.09,0.02,0,0,0.12
9903,Legends of Wrestling II,GC,Fighting,Acclaim Entertainment,0.09,0.02,0,0,0.12
9909,Jikkyou Powerful Pro Yakyuu 9,GC,Sports,Konami Digital Entertainment,0,0,0.11,0,0.12
9935,King of Colosseum (Red): Shin Nippon x Zen Nippon x Pancrase Disc,PS2,Fighting,Spike,0,0,0.12,0,0.12
9936,Turok: Evolution,GBA,Shooter,Acclaim Entertainment,0.08,0.03,0,0,0.12
9988,NHL 2K3,XB,Sports,Sega,0.09,0.02,0,0,0.12
9990,Die Hard: Vendetta,GC,Shooter,NDA Productions,0.09,0.02,0,0,0.12
9992,F1 2002,PS2,Racing,Electronic Arts,0.05,0.04,0.02,0.01,0.12
10005,SplashDown,XB,Racing,Atari,0.09,0.02,0,0,0.11
10021,ToeJam & Earl III: Mission to Earth,XB,Action,Sega,0.09,0.02,0,0,0.11
10022,Phantasy Star Collection,GBA,Role-Playing,Atari,0.08,0.03,0,0,0.11
10028,NBA Jam 2002,GBA,Sports,Acclaim Entertainment,0.08,0.03,0,0,0.11
10044,Tom Clancy's Rainbow Six: Rogue Spear,GBA,Shooter,Ubisoft,0.08,0.03,0,0,0.11
10077,18 Wheeler: American Pro Trucker,GC,Racing,Acclaim Entertainment,0.09,0.02,0,0,0.11
10111,NHL Hitz 20-03,XB,Sports,Midway Games,0.08,0.02,0,0,0.11
10112,Murakumo: Renegade Mech Pursuit,XB,Shooter,From Software,0.04,0.01,0.06,0,0.11
10117,Gun Metal,XB,Shooter,Rage Software,0.08,0.02,0,0,0.11
10122,BloodRayne,GC,Shooter,Universal Interactive,0.09,0.02,0,0,0.11
10127,InuYasha: A Feudal Fairy Tale,PS,Fighting,Namco Bandai Games,0,0,0.1,0.01,0.11
10131,Sabrina The Teenage Witch: Potion Commotion,GBA,Action,Ubisoft,0.08,0.03,0,0,0.11
10135,Home Run King,GC,Sports,Sega,0.09,0.02,0,0,0.11
10149,Disney's Peter Pan: Return to Never Land,GBA,Platform,Ubisoft,0.08,0.03,0,0,0.11
10152,Capcom vs. SNK 2 EO,GC,Fighting,Capcom,0.09,0.02,0,0,0.11
10153,Hot Wheels Velocity X,GC,Racing,THQ,0.09,0.02,0,0,0.11
10157,Contra Advance: The Alien Wars EX,GBA,Shooter,Konami Digital Entertainment,0.08,0.03,0,0,0.11
10162,Army Men: RTS,PS2,Strategy,3DO,0.05,0.04,0,0.01,0.11
10175,XXX,GBA,Action,Activision,0.08,0.03,0,0,0.11
10201,Mobile Light Force 2,PS2,Shooter,Taito,0.05,0.04,0,0.01,0.11
10232,Ninja Assault,PS2,Shooter,Namco Bandai Games,0.05,0.04,0,0.01,0.11
10239,Top Angler: Real Bass Fishing,PS2,Sports,Xicat Interactive,0.05,0.04,0,0.01,0.11
10255,Outlaw Golf: Nine Holes of Christmas,XB,Sports,Simon & Schuster Interactive,0.08,0.02,0,0,0.11
10257,X-Men: Next Dimension,XB,Fighting,Activision,0.08,0.02,0,0,0.11
10271,The Scorpion King: Rise of the Akkadian,GC,Action,Universal Interactive,0.08,0.02,0,0,0.11
10287,Defender,GC,Misc,Midway Games,0.08,0.02,0,0,0.11
10290,BMX XXX,XB,Sports,Acclaim Entertainment,0.08,0.02,0,0,0.11
10366,Reign of Fire,GC,Shooter,BAM! Entertainment,0.08,0.02,0,0,0.11
10385,Total Immersion Racing,PS2,Racing,Empire Interactive,0.05,0.04,0,0.01,0.11
10392,Space Invaders,GBA,Shooter,Activision,0.08,0.03,0,0,0.11
10424,Gravity Games Bike: Street Vert Dirt,PS2,Sports,Midway Games,0.05,0.04,0,0.01,0.1
10487,Dropship: United Peace Force,PS2,Simulation,Sony Computer Entertainment,0.05,0.04,0,0.01,0.1
10494,G1 Jockey 3,PS2,Sports,THQ,0.02,0.01,0.07,0,0.1
10526,Monster Jam: Maximum Destruction,GBA,Racing,Ubisoft,0.07,0.03,0,0,0.1
10547,Hunter: The Reckoning,GC,Action,Virgin Interactive,0.08,0.02,0,0,0.1
10557,E·O·E: Eve of Extinction,PS2,Fighting,Eidos Interactive,0.04,0.03,0.02,0.01,0.1
10572,RLH: Run Like Hell,PS2,Shooter,Virgin Interactive,0.05,0.04,0,0.01,0.1
10577,Minority Report: Everybody Runs,GC,Action,Activision,0.08,0.02,0,0,0.1
10592,Beach Spikers: Virtua Beach Volleyball,GC,Sports,Sega,0.08,0.02,0,0,0.1
10617,Kelly Slater's Pro Surfer,XB,Sports,Activision,0.08,0.02,0,0,0.1
10647,Disney's The Jungle Book,GBA,Platform,Ubisoft,0.07,0.03,0,0,0.1
10672,Sneakers,XB,Puzzle,Microsoft Game Studios,0.07,0.02,0,0,0.1
10713,Project FIFA World Cup,PS2,Sports,Electronic Arts,0,0,0.1,0,0.1
10750,Reign of Fire,XB,Shooter,BAM! Entertainment,0.07,0.02,0,0,0.1
10779,Ultimate Muscle - The Kinnikuman Legacy: The Path of the Superhero,GBA,Fighting,Banpresto,0.05,0.02,0.03,0,0.1
10791,Ballistic: Ecks vs. Sever,GBA,Shooter,BAM! Entertainment,0.07,0.03,0,0,0.1
10793,Steel Battalion,XB,Simulation,Microsoft Game Studios,0.05,0.02,0.02,0,0.1
10808,MX SuperFly featuring Ricky Carmichael,XB,Racing,THQ,0.07,0.02,0,0,0.1
10814,Minority Report: Everybody Runs,XB,Action,Activision,0.07,0.02,0,0,0.1
10819,Shox,PS2,Racing,Electronic Arts,0.05,0.04,0,0.01,0.09
10834,Whacked!,XB,Misc,Microsoft Game Studios,0.07,0.02,0,0,0.09
10845,Rocky,GC,Fighting,Rage Software,0.07,0.02,0,0,0.09
10849,NFL Blitz 20-02,XB,Sports,Midway Games,0.07,0.02,0,0,0.09
10870,Altered Beast: Guardian of the Realms,GBA,Action,THQ,0.07,0.02,0,0,0.09
10874,MotoGP,XB,Racing,THQ,0.07,0.02,0,0,0.09
10897,Freekstyle,GC,Racing,Electronic Arts,0.07,0.02,0,0,0.09
10931,The Revenge of Shinobi,GBA,Platform,Atari,0.07,0.02,0,0,0.09
10937,Cabela's Big Game Hunter,GBA,Sports,Activision Value,0.07,0.02,0,0,0.09
10965,Bomberman Max 2: Blue Advance,GBA,Puzzle,Vivendi Games,0.07,0.02,0,0,0.09
10973,New Legends,XB,Action,THQ,0.07,0.02,0,0,0.09
10976,Island Xtreme Stunts,PS2,Action,Electronic Arts,0.04,0.03,0,0.01,0.09
10988,MX SuperFly featuring Ricky Carmichael,GC,Racing,THQ,0.07,0.02,0,0,0.09
10998,NASCAR: Dirt to Daytona,GC,Racing,Infogrames,0.07,0.02,0,0,0.09
11002,Road Trip,PS2,Racing,Play It,0.04,0.03,0,0.01,0.09
11009,Top Gun: Firestorm Advance,GBA,Shooter,Titus,0.07,0.02,0,0,0.09
11029,Jikkyou Powerful Pro Yakyuu 9 Ketteiban,PS2,Sports,Konami Digital Entertainment,0,0,0.09,0,0.09
11081,Mystic Heroes,GC,Action,Tecmo Koei,0.03,0.01,0.04,0,0.09
11083,Defender,XB,Misc,Midway Games,0.07,0.02,0,0,0.09
11086,Captain Tsubasa: Aratanaru Densetsu Joshou,PS,Sports,Konami Digital Entertainment,0,0,0.08,0.01,0.09
11119,Transworld Snowboarding,XB,Sports,Atari,0.07,0.02,0,0,0.09
11120,NFL Blitz 20-02,GC,Sports,Midway Games,0.07,0.02,0,0,0.09
11125,Crimson Sea,XB,Action,Tecmo Koei,0.04,0.01,0.04,0,0.09
11149,Age of Mythology,PC,Strategy,Microsoft Game Studios,0.02,0.06,0,0.01,0.09
11184,Jimmy Neutron: Boy Genius,GC,Platform,THQ,0.07,0.02,0,0,0.09
11231,Savage Skies,PS2,Shooter,Big Ben Interactive,0.04,0.03,0,0.01,0.09
11241,Million God,PS2,Misc,Nippon Amuse,0,0,0.09,0,0.09
11298,Prisoner of War,XB,Adventure,Atari,0.06,0.02,0,0,0.08
11320,Bomberman Jetters,GC,Puzzle,Hudson Soft,0.06,0.02,0,0,0.08
11343,Tokimeki Memorial: Girl's Side,PS2,Adventure,Konami Digital Entertainment,0,0,0.08,0,0.08
11358,LEGO Soccer Mania,PS2,Sports,Electronic Arts,0.04,0.03,0,0.01,0.08
11391,Grand Prix Challenge,PS2,Racing,Atari,0.04,0.03,0,0.01,0.08
11421,Swingerz Golf,GC,Sports,Eidos Interactive,0.06,0.02,0,0,0.08
11431,FIFA Soccer 2003,GC,Sports,Electronic Arts,0.06,0.02,0,0,0.08
11437,Outlaw Golf,GC,Sports,TDK Mediactive,0.06,0.02,0,0,0.08
11450,Smuggler's Run: Warzones,GC,Misc,Take-Two Interactive,0.06,0.02,0,0,0.08
11482,Tony Hawk's Pro Skater 3,N64,Sports,Activision,0.06,0.02,0,0,0.08
11506,The King of Fighters EX2: Howling Blood,GBA,Fighting,Marvelous Interactive,0.06,0.02,0,0,0.08
11550,Fireblade,XB,Action,Midway Games,0.06,0.02,0,0,0.08
11567,Taz Wanted,GC,Platform,Atari,0.06,0.02,0,0,0.08
11574,Evolution Worlds,GC,Role-Playing,Ubisoft,0.06,0.02,0,0,0.08
11585,Sub Rebellion,PS2,Simulation,Metro 3D,0.04,0.03,0,0.01,0.08
11608,LEGO Soccer Mania,GBA,Sports,Electronic Arts,0.06,0.02,0,0,0.08
11624,Ultimate Fighting Championship: Throwdown,GC,Fighting,Ubisoft,0.06,0.02,0,0,0.08
11628,Endgame,PS2,Shooter,Empire Interactive,0.04,0.03,0,0.01,0.08
11643,NHL Hitz 20-03,GC,Sports,Midway Games,0.06,0.02,0,0,0.08
11644,Momotarou Dentetsu 11,GC,Misc,Hudson Soft,0,0,0.07,0,0.08
11657,Frogger Beyond,XB,Platform,Konami Digital Entertainment,0.06,0.02,0,0,0.08
11669,GT Advance 3: Pro Concept Racing,GBA,Racing,THQ,0.05,0.02,0,0,0.08
11701,P.T.O. IV: Pacific Theater of Operations,PS2,Strategy,Tecmo Koei,0.04,0.03,0,0.01,0.08
11716,Medal of Honor: Underground,GBA,Shooter,Zoo Digital Publishing,0.05,0.02,0,0,0.08
11726,Driven,GC,Racing,BAM! Entertainment,0.06,0.02,0,0,0.08
11727,Dynasty Warriors 3,XB,Action,THQ,0.06,0.02,0,0,0.08
11750,Magic Pengel: The Quest for Color,PS2,Role-Playing,Taito,0.04,0.03,0,0.01,0.07
11769,Super Ghouls 'n Ghosts,GBA,Platform,Capcom,0.05,0.02,0,0,0.07
11804,Bomberman Max 2: Red Advance,GBA,Puzzle,Vivendi Games,0.05,0.02,0,0,0.07
11810,Godai: Elemental Force,PS2,Action,3DO,0.04,0.03,0,0.01,0.07
11826,Aero Elite: Combat Academy,PS2,Simulation,Sega,0.04,0.03,0,0.01,0.07
11833,Commandos 2: Men of Courage,XB,Strategy,Eidos Interactive,0.05,0.02,0,0,0.07
11839,Maximum Chase,XB,Racing,Microsoft Game Studios,0.05,0.02,0,0,0.07
11882,Circus Maximus: Chariot Wars,XB,Racing,THQ,0.05,0.02,0,0,0.07
11911,James Cameron's Dark Angel,XB,Action,Vivendi Games,0.05,0.02,0,0,0.07
11920,NCAA College Football 2K3,GC,Sports,Sega,0.05,0.01,0,0,0.07
11929,Galerians: Ash,PS2,Adventure,Sammy Corporation,0.03,0.03,0,0.01,0.07
11935,Disney Sports Skateboarding,GBA,Sports,Konami Digital Entertainment,0.05,0.02,0,0,0.07
11947,Loons: The Fight For Fame,XB,Action,Atari,0.05,0.02,0,0,0.07
11951,Totaled!,XB,Racing,Rage Software,0.05,0.02,0,0,0.07
11975,Taz Wanted,XB,Platform,Atari,0.05,0.02,0,0,0.07
12079,Robot Alchemic Drive,PS2,Action,Enix Corporation,0.03,0.03,0,0.01,0.07
12083,Hikaru no Go: Heian Gensou Ibunroku,PS,Adventure,Konami Digital Entertainment,0,0,0.06,0,0.07
12088,Fighter Maker 2,PS2,Fighting,Enterbrain,0.03,0.03,0,0.01,0.07
12091,Judie no Atelier: Guramnat no Renkinjutsushi,PS2,Role-Playing,Gust,0,0,0.07,0,0.07
12108,The Powerpuff Girls: Relish Rampage,GC,Action,BAM! Entertainment,0.05,0.01,0,0,0.07
12121,Sega Soccer Slam,GC,Sports,Sega,0.05,0.01,0,0,0.07
12134,Nichibeikan Pro Yakyuu: Final League,PS2,Sports,SquareSoft,0,0,0.07,0,0.07
12143,Legends of Wrestling II,GBA,Fighting,Acclaim Entertainment,0.05,0.02,0,0,0.07
12151,RedCard 20-03,PS2,Sports,Midway Games,0.03,0.03,0,0.01,0.07
12226,Frogger Advance: The Great Quest,GBA,Action,Konami Digital Entertainment,0.05,0.02,0,0,0.07
12260,Desert Strike Advance,GBA,Simulation,Electronic Arts,0.05,0.02,0,0,0.06
12269,Pirates: The Legend of Black Kat,XB,Adventure,Electronic Arts,0.05,0.01,0,0,0.06
12281,BMX XXX,GC,Sports,Acclaim Entertainment,0.05,0.01,0,0,0.06
12284,Aggressive Inline,XB,Sports,Acclaim Entertainment,0.05,0.01,0,0,0.06
12309,Kururin Paradise,GBA,Puzzle,Unknown,0,0,0.06,0,0.06
12333,Cel Damage,GC,Racing,Electronic Arts,0.05,0.01,0,0,0.06
12342,The Pinball of the Dead,GBA,Misc,Sega,0.05,0.02,0,0,0.06
12354,Deathrow: Underground Team Combat,XB,Sports,Ubisoft,0.05,0.01,0,0,0.06
12368,Mystic Heroes,PS2,Action,Tecmo Koei,0.03,0.02,0,0.01,0.06
12393,There,PS,Simulation,Infogrames,0.03,0.02,0,0,0.06
12436,Bubble Bobble: Old & New,GBA,Puzzle,Empire Interactive,0.04,0.02,0,0,0.06
12464,Metal Gear Solid: Social Ops,PS2,Action,Konami Digital Entertainment,0.03,0.02,0,0.01,0.06
12471,Salt Lake 2002,GBA,Sports,Ubisoft,0.04,0.02,0,0,0.06
12484,Disney Sports Skateboarding,GC,Sports,Konami Digital Entertainment,0.05,0.01,0,0,0.06
12518,Worms Blast,GC,Puzzle,Ubisoft,0.05,0.01,0,0,0.06
12550,Guilty Gear X: Advance Edition,GBA,Fighting,Sammy Corporation,0.04,0.02,0,0,0.06
12579,Klonoa Beach Volleyball,PS,Sports,Namco Bandai Games,0.03,0.02,0,0,0.06
12591,Broken Sword: The Shadow of the Templars,GBA,Adventure,BAM! Entertainment,0.04,0.02,0,0,0.06
12595,Kelly Slater's Pro Surfer,GC,Sports,Activision,0.05,0.01,0,0,0.06
12659,Myst III: Exile,XB,Adventure,Ubisoft,0.04,0.01,0,0,0.06
12667,Fatal Frame,XB,Action,Tecmo Koei,0.04,0.01,0,0,0.06
12703,Eikan wa Kimini 2002: Koshien no Kodou,PS2,Sports,DigiCube,0,0,0.06,0,0.06
12730,Aggressive Inline,GC,Sports,Acclaim Entertainment,0.04,0.01,0,0,0.06
12745,Wreckless: ThE YaKuza MisSiOns,GC,Racing,Activision,0.04,0.01,0,0,0.06
12750,Dr. Muto,XB,Platform,Midway Games,0.04,0.01,0,0,0.06
12775,MotoGP,GBA,Racing,THQ,0.04,0.01,0,0,0.06
12776,ESPN International Winter Sports 2002,PS2,Sports,Konami Digital Entertainment,0.03,0.02,0,0.01,0.06
12783,BattleBots: Beyond the BattleBox,GBA,Action,Vivendi Games,0.04,0.01,0,0,0.06
12806,V-Rally 3,PS2,Racing,Atari,0.03,0.02,0,0.01,0.06
12815,SeaBlade,XB,Shooter,TDK Mediactive,0.04,0.01,0,0,0.06
12829,Worms World Party,GBA,Strategy,Ubisoft,0.04,0.01,0,0,0.05
12830,Medabots: Metabee,GBA,Role-Playing,Natsume,0.04,0.01,0,0,0.05
12843,Bombastic,PS2,Puzzle,Capcom,0.03,0.02,0,0.01,0.05
12856,Dual Hearts,PS2,Role-Playing,Sony Computer Entertainment,0.03,0.02,0,0.01,0.05
12867,Sega Soccer Slam,XB,Sports,Sega,0.04,0.01,0,0,0.05
12870,Blood Omen 2,GC,Action,Eidos Interactive,0.04,0.01,0,0,0.05
12883,FIFA Soccer 2003,GBA,Sports,Electronic Arts,0.04,0.01,0,0,0.05
12896,Lufia: The Ruins of Lore,GBA,Role-Playing,Taito,0.04,0.01,0,0,0.05
12899,Samurai Deeper Kyo,PS,Fighting,Namco Bandai Games,0,0,0.05,0,0.05
12904,Zapper: One Wicked Cricket!,XB,Platform,Infogrames,0.04,0.01,0,0,0.05
12907,Bust-A-Bloc,PS2,Puzzle,Midas Interactive Entertainment,0,0,0.05,0,0.05
12952,Dragon's Lair 3D: Return to the Lair,XB,Platform,Ubisoft,0.04,0.01,0,0,0.05
12966,Virtua Striker 2002,GC,Sports,Sega,0.01,0,0.03,0,0.05
12974,Disney's PK: Out of the Shadows,GC,Platform,Ubisoft,0.04,0.01,0,0,0.05
12998,Rally Fusion: Race of Champions,XB,Racing,Activision,0.04,0.01,0,0,0.05
13004,Ferrari F355 Challenge,PS2,Racing,Sony Computer Entertainment,0.03,0.02,0,0.01,0.05
13012,Shifters,PS2,Adventure,3DO,0.03,0.02,0,0.01,0.05
13044,Downforce,PS2,Racing,Avalon Interactive,0.03,0.02,0,0.01,0.05
13050,Disney's Party,GC,Misc,Electronic Arts,0.04,0.01,0,0,0.05
13058,Phantom Crash,XB,Simulation,Phantagram,0.03,0.01,0.01,0,0.05
13096,Rave Master,GC,Fighting,Konami Digital Entertainment,0,0,0.05,0,0.05
13109,ESPN International Winter Sports 2002,GC,Sports,Konami Digital Entertainment,0.04,0.01,0,0,0.05
13135,Dark Summit,GC,Sports,THQ,0.04,0.01,0,0,0.05
13139,Turbo Turtle Adventure,GBA,Puzzle,Majesco Entertainment,0.04,0.01,0,0,0.05
13198,Whirl Tour,GC,Sports,Vivendi Games,0.04,0.01,0,0,0.05
13200,Pinball Tycoon,GBA,Misc,Ignition Entertainment,0.03,0.01,0,0,0.05
13212,ZooCube,GBA,Puzzle,Acclaim Entertainment,0.03,0.01,0,0,0.05
13229,Reign of Fire,GBA,Shooter,BAM! Entertainment,0.03,0.01,0,0,0.05
13240,Next Generation of Chaos,PS2,Role-Playing,Idea Factory,0,0,0.05,0,0.05
13267,2002 FIFA World Cup,GC,Sports,Electronic Arts,0.04,0.01,0,0,0.05
13307,Punch King,GBA,Fighting,Acclaim Entertainment,0.03,0.01,0,0,0.05
13310,V-Rally 3,GBA,Racing,Atari,0.03,0.01,0,0,0.05
13312,Kakuto Chojin,XB,Fighting,Microsoft Game Studios,0.04,0.01,0,0,0.05
13332,Shin Megami Tensei NINE,XB,Role-Playing,Atlus,0,0,0.05,0,0.05
13341,NightCaster II: Equinox,XB,Action,Jaleco,0.03,0.01,0,0,0.05
13370,Mafia,PC,Action,Take-Two Interactive,0,0.04,0,0.01,0.05
13386,Monster Jam: Maximum Destruction,GC,Racing,Ubisoft,0.04,0.01,0,0,0.05
13389,Big Air Freestyle,GC,Racing,Atari,0.04,0.01,0,0,0.05
13392,Mike Tyson Heavyweight Boxing,XB,Sports,Codemasters,0.03,0.01,0,0,0.05
13424,World Fantasista,PS2,Sports,SquareSoft,0,0,0.05,0,0.05
13478,Disney's Donald Duck: Goin' Quackers,GC,Platform,Ubisoft,0.03,0.01,0,0,0.04
13503,Dark Arena,GBA,Shooter,THQ,0.03,0.01,0,0,0.04
13516,The King of Fighters 2000,PS2,Fighting,Playmore,0,0,0.04,0,0.04
13552,Star X,GBA,Shooter,BAM! Entertainment,0.03,0.01,0,0,0.04
13574,Chessmaster,GBA,Misc,Ubisoft,0.03,0.01,0,0,0.04
13602,The Invincible Iron Man,GBA,Action,Activision,0.03,0.01,0,0,0.04
13613,FIFA Soccer 2003 (weekly jp sales),PS2,Sports,Electronic Arts,0,0,0.04,0,0.04
13623,Tennis Masters Series 2003,XB,Sports,Microids,0.03,0.01,0,0,0.04
13624,The Sims Deluxe,PC,Simulation,Electronic Arts,0.01,0.02,0,0.01,0.04
13728,Mat Hoffman's Pro BMX 2,GC,Sports,Activision,0.03,0.01,0,0,0.04
13749,Dragon's Lair 3D: Return to the Lair,GC,Platform,THQ,0.03,0.01,0,0,0.04
13768,Antz Extreme Racing,PS2,Racing,Empire Interactive,0.02,0.02,0,0.01,0.04
13775,Mike Tyson Boxing,GBA,Sports,Ubisoft,0.03,0.01,0,0,0.04
13830,Tiger Woods PGA Tour Golf,GBA,Sports,Ubisoft,0.03,0.01,0,0,0.04
13855,Klonoa Heroes: Densetsu no Star Medal,GBA,Role-Playing,Namco Bandai Games,0,0,0.04,0,0.04
13867,Colin McRae Rally 3,XB,Racing,Codemasters,0.03,0.01,0,0,0.04
13904,Dramatic Soccer Game: Nippon Daihyou Senshu Ninarou!,PS2,Sports,Enix Corporation,0,0,0.04,0,0.04
13919,The Ripping Friends,GBA,Action,THQ,0.03,0.01,0,0,0.04
13928,Doom II: Hell on Earth,GBA,Shooter,Activision,0.03,0.01,0,0,0.04
13936,Evolution Skateboarding,GC,Sports,Konami Digital Entertainment,0.03,0.01,0,0,0.04
13939,Jikkyou World Soccer 2002,PS2,Sports,Konami Digital Entertainment,0,0,0.04,0,0.04
13962,The Sum of All Fears,GBA,Shooter,Ubisoft,0.03,0.01,0,0,0.04
13967,Minority Report: Everybody Runs,GBA,Action,Activision,0.03,0.01,0,0,0.04
14002,Smashing Drive,XB,Racing,Namco Bandai Games,0.03,0.01,0,0,0.04
14012,Monster Force,GBA,Shooter,Universal Interactive,0.03,0.01,0,0,0.04
14118,RedCard 20-03,XB,Sports,Midway Games,0.03,0.01,0,0,0.03
14130,Boboboubo Boubobo: Ougi 87.5 Bakuretsu Hanage Shinken,GBA,Action,Hudson Soft,0,0,0.03,0,0.03
14139,Silent Scope,GBA,Shooter,Konami Digital Entertainment,0.02,0.01,0,0,0.03
14150,ESPN NBA 2Night 2002,PS2,Sports,Konami Digital Entertainment,0.02,0.01,0,0,0.03
14165,Gacharoku,PS2,Misc,Sony Computer Entertainment,0,0,0.03,0,0.03
14203,An American Tail: Fievel's Gold Rush,GBA,Platform,Conspiracy Entertainment,0.02,0.01,0,0,0.03
14234,EverBlue 2,PS2,Adventure,Capcom,0.02,0.01,0,0,0.03
14253,CT Special Forces,GBA,Action,LSP Games,0.02,0.01,0,0,0.03
14259,Earthworm Jim 2,GBA,Platform,Vivendi Games,0.02,0.01,0,0,0.03
14281,Disney Sports Soccer,GC,Sports,Konami Digital Entertainment,0.03,0.01,0,0,0.03
14330,Neverwinter Nights,PC,Role-Playing,Atari,0,0.03,0,0.01,0.03
14367,F1 2002,GC,Racing,Electronic Arts,0.02,0.01,0,0,0.03
14396,Dr. Muto,GC,Platform,Midway Games,0.02,0.01,0,0,0.03
14401,Egg Mania: Eggstreme Madness,PS2,Puzzle,Kemco,0.02,0.01,0,0,0.03
14479,Klonoa 2: Dream Champ Tournament,GBA,Platform,Namco Bandai Games,0.02,0.01,0,0,0.03
14556,Culdcept,PS2,Strategy,Sega,0.01,0.01,0,0,0.03
14581,Syberia,PC,Action,Microids,0,0.02,0,0,0.03
14597,Metal Dungeon,XB,Role-Playing,Xicat Interactive,0.02,0.01,0,0,0.03
14603,Gekido Advance: Kintaro's Revenge,GBA,Action,Zoo Digital Publishing,0.02,0.01,0,0,0.03
14631,Whiteout,XB,Racing,Konami Digital Entertainment,0.02,0.01,0,0,0.03
14636,Hajime no Ippo: The Fighting,GBA,Fighting,ESP,0,0,0.03,0,0.03
14662,Fireblade,GC,Action,Midway Games,0.02,0.01,0,0,0.03
14671,ESPN Winter X Games: Snowboarding 2002,XB,Sports,Konami Digital Entertainment,0.02,0.01,0,0,0.03
14708,Disney Sports Soccer,GBA,Sports,Konami Digital Entertainment,0.02,0.01,0,0,0.03
14734,Dave Mirra Freestyle BMX 3,GBA,Sports,Acclaim Entertainment,0.02,0.01,0,0,0.03
14794,Runabout 3: Neo Age,PS2,Racing,BAM! Entertainment,0,0,0.03,0,0.03
14875,Battlefield 1942,PC,Shooter,Electronic Arts,0.01,0.01,0,0,0.03
14910,Konohana 2: Todoke Kanai Requiem,PS2,Adventure,Success,0,0,0.03,0,0.03
14920,ZooCube,GC,Puzzle,Acclaim Entertainment,0.02,0,0,0,0.02
14950,Road Trip: The Arcade Edition,GC,Racing,Zoo Digital Publishing,0.02,0,0,0,0.02
14960,NBA Starting Five,XB,Sports,Konami Digital Entertainment,0.02,0.01,0,0,0.02
14994,Colin McRae Rally 2.0,GBA,Racing,Codemasters,0.02,0.01,0,0,0.02
15012,AirForce Delta Storm,GBA,Shooter,Konami Digital Entertainment,0.02,0.01,0,0,0.02
15014,Peter Pan in Disney's Return to Never Land,PS,Platform,Sony Computer Entertainment,0.01,0.01,0,0,0.02
15051,Total Immersion Racing,XB,Racing,Empire Interactive,0.02,0.01,0,0,0.02
15063,DemiKids: Dark Version,GBA,Role-Playing,Atlus,0.02,0.01,0,0,0.02
15066,Blender Bros.,GBA,Platform,Unknown,0.02,0.01,0,0,0.02
15069,DemiKids: Light Version,GBA,Role-Playing,Atlus,0.02,0.01,0,0,0.02
15078,Shaman King: Chou Senjiryokketsu 3,GBA,Role-Playing,King Records,0,0,0.02,0,0.02
15096,Toxic Grind,XB,Sports,THQ,0.02,0,0,0,0.02
15128,Tokyo Mew Mew,PS,Role-Playing,Takara,0,0,0.02,0,0.02
15129,Jitsumei Jikkyou Keiba Dream Classic 2002,PS2,Sports,Namco Bandai Games,0,0,0.02,0,0.02
15136,RedCard 20-03,GC,Sports,Midway Games,0.02,0,0,0,0.02
15167,Evolution Snowboarding,PS2,Sports,Konami Digital Entertainment,0.01,0.01,0,0,0.02
15186,Maximum Capacity: Hotel Giant,PC,Strategy,JoWood Productions,0,0.02,0,0,0.02
15202,Natsuiro no Sunadokei,PS2,Adventure,Princess Soft,0,0,0.02,0,0.02
15268,Whiteout,PS2,Racing,Konami Digital Entertainment,0.01,0.01,0,0,0.02
15298,Casper: Spirit Dimensions,GC,Platform,TDK Mediactive,0.02,0,0,0,0.02
15301,Butt-Ugly Martians: Zoom or Doom!,PS2,Racing,Vivendi Games,0.01,0.01,0,0,0.02
15324,Kikou Heidan J-Phoenix: Cobalt Shoutaihen,PS2,Action,Takara,0,0,0.02,0,0.02
15351,Disney Sports Football,GBA,Sports,Unknown,0.01,0.01,0,0,0.02
15365,F1 2002,GBA,Racing,"Destination Software, Inc",0.01,0.01,0,0,0.02
15381,Largo Winch .// Commando Sar,PS,Adventure,Ubisoft,0.01,0.01,0,0,0.02
15404,ESPN MLS ExtraTime 2002,GC,Sports,Konami Digital Entertainment,0.02,0,0,0,0.02
15489,Virtual Kasparov,GBA,Strategy,Titus,0.01,0.01,0,0,0.02
15502,ESPN MLS ExtraTime 2002,XB,Sports,Konami Digital Entertainment,0.01,0,0,0,0.02
15540,The Mummy,GBA,Action,Ubisoft,0.01,0,0,0,0.02
15595,ESPN NFL Primetime 2002,XB,Sports,Konami Digital Entertainment,0.01,0,0,0,0.02
15606,Tsuki no Hikari: Shizumeru Kane no Satsujin,PS2,Adventure,Victor Interactive,0,0,0.02,0,0.02
15611,Kong: The Animated Series,GBA,Action,BAM! Entertainment,0.01,0,0,0,0.02
15636,Combat Flight Simulator 3: Battle for Europe,PC,Simulation,Microsoft Game Studios,0.01,0.01,0,0,0.02
15647,NHL 2K3,GC,Sports,Sega,0.01,0,0,0,0.02
15653,Space Channel 5: Ulala's Cosmic Attack,GBA,Misc,Atari,0.01,0,0,0,0.02
15656,Disney Sports Basketball,GBA,Sports,Konami Digital Entertainment,0.01,0,0,0,0.02
15664,Disney Sports Football,GC,Sports,Konami Digital Entertainment,0.01,0,0,0,0.02
15669,Gadget Racers (PAL),PS2,Racing,Zoo Digital Publishing,0,0,0.02,0,0.02
15706,Roommate Asami: Okusama wa Joshikousei,PS2,Adventure,Datam Polystar,0,0,0.02,0,0.02
15782,Big Bass Fishing,PS,Action,Take-Two Interactive,0,0,0.02,0,0.02
15795,WTA Tour Tennis,GBA,Sports,Konami Digital Entertainment,0.01,0,0,0,0.02
15802,Davis Cup Tennis,GBA,Sports,Ubisoft,0.01,0,0,0,0.02
15803,Pro Rally,GC,Racing,Ubisoft,0.01,0,0,0,0.02
15897,Antz Extreme Racing,XB,Racing,Empire Interactive,0.01,0,0,0,0.02
15927,RollerCoaster Tycoon: Gold Edition,PC,Strategy,Infogrames,0.01,0,0,0,0.02
15962,Technic Beat,PS2,Misc,Arika,0.01,0.01,0,0,0.02
16020,Unreal Tournament 2003,PC,Shooter,Atari,0,0.01,0,0,0.01
16043,Impossible Creatures,PC,Strategy,Microsoft Game Studios,0,0.01,0,0,0.01
16063,"Pachi-Slot Teiou: Golgo 13 Las Vegas (JP sales, but wrong system)",PS2,Misc,Media Entertainment,0,0,0.01,0,0.01
16082,Egg Mania: Eggstreme Madness,XB,Puzzle,Kemco,0.01,0,0,0,0.01
16088,Road Trip: Shifting Gears,GBA,Racing,Zoo Digital Publishing,0.01,0,0,0,0.01
16096,Grand Theft Auto III,PC,Action,Take-Two Interactive,0,0.01,0,0,0.01
16129,Monster Rancher Advance 2,GBA,Simulation,Tecmo Koei,0.01,0,0,0,0.01
16141,WTA Tour Tennis,XB,Sports,Konami Digital Entertainment,0.01,0,0,0,0.01
16146,Harry Potter and the Chamber of Secrets,PC,Action,Electronic Arts,0,0.01,0,0,0.01
16199,Rave Master: Special Attack Force!,GBA,Fighting,Konami Digital Entertainment,0.01,0,0,0,0.01
16202,Casper,GBA,Adventure,Microids,0.01,0,0,0,0.01
16273,Smuggler's Run,GBA,Racing,Rebellion,0.01,0,0,0,0.01
16307,Moto Racer Advance,GBA,Racing,Ubisoft,0.01,0,0,0,0.01
16328,RalliSport Challenge(JP sales),XB,Racing,Microsoft Game Studios,0,0,0.01,0,0.01
16342,Command & Conquer Renegade,PC,Shooter,Electronic Arts,0,0.01,0,0,0.01
16358,Icewind Dale II,PC,Role-Playing,Interplay,0,0.01,0,0,0.01
16379,Super Bubble Pop,XB,Puzzle,Jaleco,0.01,0,0,0,0.01
16390,Darkened Skye,GC,Adventure,TDK Mediactive,0.01,0,0,0,0.01
16429,ESPN NBA 2Night 2002,XB,Sports,Konami Digital Entertainment,0.01,0,0,0,0.01
16467,Egg Mania: Eggstreme Madness,GC,Puzzle,Kemco,0.01,0,0,0,0.01
16559,Super Robot Taisen: Original Generation,GBA,Role-Playing,Banpresto,0.01,0,0,0,0.01
16566,Mortal Kombat: Deadly Alliance,GBA,Fighting,Midway Games,0.01,0,0,0,0.01
16596,Woody Woodpecker in Crazy Castle 5,GBA,Platform,Kemco,0.01,0,0,0,0.01
